ID,City,Temperature_C,Condition,Latitude,Longitude,Data_Inserted
1,Lisbon,26.97,Clouds,38.7167,-9.1333,2026-06-13 18:26:44
2,Porto,21.72,Clouds,41.1496,-8.611,2026-06-13 18:26:44
3,London,21.81,Clouds,51.5085,-0.1257,2026-06-13 18:26:45
4,Paris,26.86,Clouds,48.8534,2.3488,2026-06-13 18:26:45
5,Berlin,16.4,Clouds,52.5244,13.4105,2026-06-13 18:26:45
6,Madrid,32.05,Clear,40.4165,-3.7026,2026-06-13 18:26:45
7,Rome,31.23,Clouds,34.257,-85.1647,2026-06-13 18:26:45
8,New York,29.57,Clear,40.7143,-74.006,2026-06-13 18:26:45
9,Barcelona,28.26,Clouds,41.3888,2.159,2026-06-13 18:26:45
10,Miami,32.25,Clouds,25.7743,-80.1937,2026-06-13 18:26:45
11,Lisbon,26.97,Clouds,38.7167,-9.1333,2026-06-13 18:26:47
12,Porto,21.72,Clouds,41.1496,-8.611,2026-06-13 18:26:47
13,London,21.81,Clouds,51.5085,-0.1257,2026-06-13 18:26:47
14,Paris,26.86,Clouds,48.8534,2.3488,2026-06-13 18:26:47
15,Berlin,16.4,Clouds,52.5244,13.4105,2026-06-13 18:26:47
16,Madrid,32.05,Clear,40.4165,-3.7026,2026-06-13 18:26:48
17,Rome,31.23,Clouds,34.257,-85.1647,2026-06-13 18:26:48
18,New York,29.57,Clear,40.7143,-74.006,2026-06-13 18:26:48
19,Barcelona,28.26,Clouds,41.3888,2.159,2026-06-13 18:26:48
20,Miami,32.25,Clouds,25.7743,-80.1937,2026-06-13 18:26:48
21,Lisbon,26.97,Clouds,38.7167,-9.1333,2026-06-13 18:26:49
22,Porto,21.72,Clouds,41.1496,-8.611,2026-06-13 18:26:49
23,London,21.81,Clouds,51.5085,-0.1257,2026-06-13 18:26:49
24,Paris,26.86,Clouds,48.8534,2.3488,2026-06-13 18:26:49
25,Berlin,16.4,Clouds,52.5244,13.4105,2026-06-13 18:26:49
26,Madrid,32.05,Clear,40.4165,-3.7026,2026-06-13 18:26:49
27,Rome,31.23,Clouds,34.257,-85.1647,2026-06-13 18:26:49
28,New York,29.57,Clear,40.7143,-74.006,2026-06-13 18:26:49
29,Barcelona,28.26,Clouds,41.3888,2.159,2026-06-13 18:26:49
30,Miami,32.25,Clouds,25.7743,-80.1937,2026-06-13 18:26:49
31,Lisbon,26.97,Clouds,38.7167,-9.1333,2026-06-13 18:26:50
32,Porto,21.72,Clouds,41.1496,-8.611,2026-06-13 18:26:50
33,London,21.81,Clouds,51.5085,-0.1257,2026-06-13 18:26:50
34,Paris,26.86,Clouds,48.8534,2.3488,2026-06-13 18:26:51
35,Berlin,16.4,Clouds,52.5244,13.4105,2026-06-13 18:26:51
36,Madrid,32.05,Clear,40.4165,-3.7026,2026-06-13 18:26:51
37,Rome,31.23,Clouds,34.257,-85.1647,2026-06-13 18:26:51
38,New York,29.57,Clear,40.7143,-74.006,2026-06-13 18:26:51
39,Barcelona,28.26,Clouds,41.3888,2.159,2026-06-13 18:26:51
40,Miami,32.25,Clouds,25.7743,-80.1937,2026-06-13 18:26:51
41,Lisbon,26.97,Clouds,38.7167,-9.1333,2026-06-13 18:26:52
42,Porto,21.72,Clouds,41.1496,-8.611,2026-06-13 18:26:52
43,London,21.81,Clouds,51.5085,-0.1257,2026-06-13 18:26:52
44,Paris,26.86,Clouds,48.8534,2.3488,2026-06-13 18:26:52
45,Berlin,16.4,Clouds,52.5244,13.4105,2026-06-13 18:26:52
46,Madrid,32.05,Clear,40.4165,-3.7026,2026-06-13 18:26:52
47,Rome,31.23,Clouds,34.257,-85.1647,2026-06-13 18:26:52
48,New York,29.57,Clear,40.7143,-74.006,2026-06-13 18:26:52
49,Barcelona,28.26,Clouds,41.3888,2.159,2026-06-13 18:26:52
50,Miami,32.25,Clouds,25.7743,-80.1937,2026-06-13 18:26:52
51,Lisbon,26.97,Clouds,38.7167,-9.1333,2026-06-13 18:26:53
52,Porto,21.72,Clouds,41.1496,-8.611,2026-06-13 18:26:53
53,London,21.81,Clouds,51.5085,-0.1257,2026-06-13 18:26:53
54,Paris,26.86,Clouds,48.8534,2.3488,2026-06-13 18:26:53
55,Berlin,16.4,Clouds,52.5244,13.4105,2026-06-13 18:26:53
56,Madrid,32.05,Clear,40.4165,-3.7026,2026-06-13 18:26:53
57,Rome,31.23,Clouds,34.257,-85.1647,2026-06-13 18:26:53
58,New York,29.57,Clear,40.7143,-74.006,2026-06-13 18:26:53
59,Barcelona,28.26,Clouds,41.3888,2.159,2026-06-13 18:26:53
60,Miami,32.25,Clouds,25.7743,-80.1937,2026-06-13 18:26:53
61,Lisbon,26.97,Clouds,38.7167,-9.1333,2026-06-13 18:26:54
62,Porto,21.72,Clouds,41.1496,-8.611,2026-06-13 18:26:54
63,London,21.81,Clouds,51.5085,-0.1257,2026-06-13 18:26:54
64,Paris,26.86,Clouds,48.8534,2.3488,2026-06-13 18:26:54
65,Berlin,16.4,Clouds,52.5244,13.4105,2026-06-13 18:26:54
66,Madrid,32.05,Clear,40.4165,-3.7026,2026-06-13 18:26:55
67,Rome,31.23,Clouds,34.257,-85.1647,2026-06-13 18:26:55
68,New York,29.57,Clear,40.7143,-74.006,2026-06-13 18:26:55
69,Barcelona,28.26,Clouds,41.3888,2.159,2026-06-13 18:26:55
70,Miami,32.25,Clouds,25.7743,-80.1937,2026-06-13 18:26:55
71,Lisbon,26.97,Clouds,38.7167,-9.1333,2026-06-13 18:26:55
72,Porto,21.72,Clouds,41.1496,-8.611,2026-06-13 18:26:55
73,London,21.81,Clouds,51.5085,-0.1257,2026-06-13 18:26:56
74,Paris,26.86,Clouds,48.8534,2.3488,2026-06-13 18:26:56
75,Berlin,16.4,Clouds,52.5244,13.4105,2026-06-13 18:26:56
76,Madrid,32.05,Clear,40.4165,-3.7026,2026-06-13 18:26:56
77,Rome,31.23,Clouds,34.257,-85.1647,2026-06-13 18:26:56
78,New York,29.57,Clear,40.7143,-74.006,2026-06-13 18:26:56
79,Barcelona,28.26,Clouds,41.3888,2.159,2026-06-13 18:26:56
80,Miami,32.25,Clouds,25.7743,-80.1937,2026-06-13 18:26:56
81,Lisbon,26.97,Clouds,38.7167,-9.1333,2026-06-13 18:26:56
82,Porto,21.72,Clouds,41.1496,-8.611,2026-06-13 18:26:57
83,London,21.81,Clouds,51.5085,-0.1257,2026-06-13 18:26:57
84,Paris,26.86,Clouds,48.8534,2.3488,2026-06-13 18:26:57
85,Berlin,16.4,Clouds,52.5244,13.4105,2026-06-13 18:26:57
86,Madrid,32.05,Clear,40.4165,-3.7026,2026-06-13 18:26:57
87,Rome,31.23,Clouds,34.257,-85.1647,2026-06-13 18:26:57
88,New York,29.57,Clear,40.7143,-74.006,2026-06-13 18:26:57
89,Barcelona,28.26,Clouds,41.3888,2.159,2026-06-13 18:26:57
90,Miami,32.25,Clouds,25.7743,-80.1937,2026-06-13 18:26:57
91,Lisbon,26.97,Clouds,38.7167,-9.1333,2026-06-13 18:26:58
92,Porto,21.72,Clouds,41.1496,-8.611,2026-06-13 18:26:58
93,London,21.81,Clouds,51.5085,-0.1257,2026-06-13 18:26:58
94,Paris,26.86,Clouds,48.8534,2.3488,2026-06-13 18:26:58
95,Berlin,16.4,Clouds,52.5244,13.4105,2026-06-13 18:26:58
96,Madrid,32.05,Clear,40.4165,-3.7026,2026-06-13 18:26:58
97,Rome,31.23,Clouds,34.257,-85.1647,2026-06-13 18:26:58
98,New York,29.57,Clear,40.7143,-74.006,2026-06-13 18:26:58
99,Barcelona,28.26,Clouds,41.3888,2.159,2026-06-13 18:26:58
100,Miami,32.25,Clouds,25.7743,-80.1937,2026-06-13 18:26:58
101,Lisbon,26.97,Clouds,38.7167,-9.1333,2026-06-13 18:42:42
102,Porto,21.19,Clouds,41.1496,-8.611,2026-06-13 18:42:42
103,London,21.69,Clouds,51.5085,-0.1257,2026-06-13 18:42:42
104,Paris,26.21,Clouds,48.8534,2.3488,2026-06-13 18:42:42
105,Berlin,16.56,Clouds,52.5244,13.4105,2026-06-13 18:42:42
106,Madrid,31.94,Clear,40.4165,-3.7026,2026-06-13 18:42:42
107,Rome,31.94,Clouds,34.257,-85.1647,2026-06-13 18:42:42
108,New York,29.78,Clear,40.7143,-74.006,2026-06-13 18:42:42
109,Barcelona,28.26,Clouds,41.3888,2.159,2026-06-13 18:42:42
110,Miami,32.17,Clouds,25.7743,-80.1937,2026-06-13 18:42:42
111,Lisbon,26.42,Clouds,38.7167,-9.1333,2026-06-13 18:50:14
112,Porto,21.19,Clouds,41.1496,-8.611,2026-06-13 18:50:14
113,London,21.3,Clouds,51.5085,-0.1257,2026-06-13 18:50:14
114,Paris,26.21,Clouds,48.8534,2.3488,2026-06-13 18:50:15
115,Berlin,16.23,Clouds,52.5244,13.4105,2026-06-13 18:50:15
116,Madrid,32,Clear,40.4165,-3.7026,2026-06-13 18:50:15
117,Rome,32.24,Clouds,34.257,-85.1647,2026-06-13 18:50:15
118,New York,30.18,Clear,40.7143,-74.006,2026-06-13 18:50:15
119,Barcelona,28.26,Clouds,41.3888,2.159,2026-06-13 18:50:15
120,Miami,32.17,Clouds,25.7743,-80.1937,2026-06-13 18:50:15
121,Lisbon,25.86,Clouds,38.7167,-9.1333,2026-06-13 18:54:52
122,Porto,21.22,Clouds,41.1496,-8.611,2026-06-13 18:54:53
123,London,21.56,Clouds,51.5085,-0.1257,2026-06-13 18:54:53
124,Paris,26.27,Clouds,48.8534,2.3488,2026-06-13 18:54:53
125,Berlin,16.23,Clouds,52.5244,13.4105,2026-06-13 18:54:53
126,Madrid,32,Clear,40.4165,-3.7026,2026-06-13 18:54:53
127,Rome,32.24,Clouds,34.257,-85.1647,2026-06-13 18:54:53
128,New York,30.17,Clear,40.7143,-74.006,2026-06-13 18:54:53
129,Barcelona,28.23,Clouds,41.3888,2.159,2026-06-13 18:54:53
130,Miami,32.07,Clouds,25.7743,-80.1937,2026-06-13 18:54:53
131,Lisbon,25.86,Clouds,38.7167,-9.1333,2026-06-13 19:01:30
132,Porto,21.22,Clouds,41.1496,-8.611,2026-06-13 19:01:30
133,London,21.49,Clouds,51.5085,-0.1257,2026-06-13 19:01:30
134,Paris,26.27,Clouds,48.8534,2.3488,2026-06-13 19:01:30
135,Berlin,16.23,Clouds,52.5244,13.4105,2026-06-13 19:01:30
136,Madrid,31.87,Clear,40.4165,-3.7026,2026-06-13 19:01:30
137,Rome,32.59,Clouds,34.257,-85.1647,2026-06-13 19:01:30
138,New York,30.35,Clear,40.7143,-74.006,2026-06-13 19:01:30
139,Barcelona,28.16,Clouds,41.3888,2.159,2026-06-13 19:01:30
140,Miami,32.13,Clouds,25.7743,-80.1937,2026-06-13 19:01:30
141,Lisbon,25.86,Clouds,38.7167,-9.1333,2026-06-13 19:01:36
142,Porto,21.22,Clouds,41.1496,-8.611,2026-06-13 19:01:36
143,London,21.49,Clouds,51.5085,-0.1257,2026-06-13 19:01:36
144,Paris,26.27,Clouds,48.8534,2.3488,2026-06-13 19:01:36
145,Berlin,16.23,Clouds,52.5244,13.4105,2026-06-13 19:01:36
146,Madrid,31.87,Clear,40.4165,-3.7026,2026-06-13 19:01:36
147,Rome,32.59,Clouds,34.257,-85.1647,2026-06-13 19:01:36
148,New York,30.35,Clear,40.7143,-74.006,2026-06-13 19:01:36
149,Barcelona,28.16,Clouds,41.3888,2.159,2026-06-13 19:01:36
150,Miami,32.13,Clouds,25.7743,-80.1937,2026-06-13 19:01:36
151,Lisbon,26.05,Clouds,38.7167,-9.1333,2026-06-13 19:06:51
152,Porto,21.29,Clouds,41.1496,-8.611,2026-06-13 19:06:51
153,London,21.49,Clouds,51.5085,-0.1257,2026-06-13 19:06:51
154,Paris,25.9,Clouds,48.8534,2.3488,2026-06-13 19:06:51
155,Berlin,16.23,Clouds,52.5244,13.4105,2026-06-13 19:06:51
156,Madrid,31.87,Clear,40.4165,-3.7026,2026-06-13 19:06:51
157,Rome,32.59,Clouds,34.257,-85.1647,2026-06-13 19:06:51
158,New York,30.35,Clear,40.7143,-74.006,2026-06-13 19:06:51
159,Barcelona,28.16,Clouds,41.3888,2.159,2026-06-13 19:06:51
160,Miami,32.13,Clouds,25.7743,-80.1937,2026-06-13 19:06:51
161,Lisbon,26.05,Clouds,38.7167,-9.1333,2026-06-13 19:07:01
162,Porto,21.29,Clouds,41.1496,-8.611,2026-06-13 19:07:01
163,London,21.49,Clouds,51.5085,-0.1257,2026-06-13 19:07:01
164,Paris,25.9,Clouds,48.8534,2.3488,2026-06-13 19:07:02
165,Berlin,16.23,Clouds,52.5244,13.4105,2026-06-13 19:07:02
166,Madrid,31.87,Clear,40.4165,-3.7026,2026-06-13 19:07:02
167,Rome,32.59,Clouds,34.257,-85.1647,2026-06-13 19:07:02
168,New York,30.35,Clear,40.7143,-74.006,2026-06-13 19:07:02
169,Barcelona,28.16,Clouds,41.3888,2.159,2026-06-13 19:07:02
170,Miami,32.13,Clouds,25.7743,-80.1937,2026-06-13 19:07:02
171,Lisbon,26.05,Clouds,38.7167,-9.1333,2026-06-13 19:07:16
172,Porto,21.29,Clouds,41.1496,-8.611,2026-06-13 19:07:16
173,London,21.49,Clouds,51.5085,-0.1257,2026-06-13 19:07:16
174,Paris,25.9,Clouds,48.8534,2.3488,2026-06-13 19:07:16
175,Berlin,16.23,Clouds,52.5244,13.4105,2026-06-13 19:07:16
176,Madrid,31.87,Clear,40.4165,-3.7026,2026-06-13 19:07:16
177,Rome,32.59,Clouds,34.257,-85.1647,2026-06-13 19:07:16
178,New York,30.35,Clear,40.7143,-74.006,2026-06-13 19:07:16
179,Barcelona,28.16,Clouds,41.3888,2.159,2026-06-13 19:07:16
180,Miami,32.13,Clouds,25.7743,-80.1937,2026-06-13 19:07:16
181,Lisbon,26.05,Clouds,38.7167,-9.1333,2026-06-13 19:08:01
182,Porto,21.29,Clouds,41.1496,-8.611,2026-06-13 19:08:01
183,London,21.49,Clouds,51.5085,-0.1257,2026-06-13 19:08:01
184,Paris,25.9,Clouds,48.8534,2.3488,2026-06-13 19:08:01
185,Berlin,16.23,Clouds,52.5244,13.4105,2026-06-13 19:08:02
186,Madrid,31.87,Clear,40.4165,-3.7026,2026-06-13 19:08:02
187,Rome,32.59,Clouds,34.257,-85.1647,2026-06-13 19:08:02
188,New York,30.46,Clear,40.7143,-74.006,2026-06-13 19:08:02
189,Barcelona,28.16,Clouds,41.3888,2.159,2026-06-13 19:08:02
190,Miami,32.13,Clouds,25.7743,-80.1937,2026-06-13 19:08:02
191,Lisbon,26.05,Clouds,38.7167,-9.1333,2026-06-13 19:09:01
192,Porto,21.29,Clouds,41.1496,-8.611,2026-06-13 19:09:01
193,London,21.49,Clouds,51.5085,-0.1257,2026-06-13 19:09:01
194,Paris,25.9,Clouds,48.8534,2.3488,2026-06-13 19:09:01
195,Berlin,16.23,Clouds,52.5244,13.4105,2026-06-13 19:09:01
196,Madrid,31.87,Clear,40.4165,-3.7026,2026-06-13 19:09:01
197,Rome,32.59,Clouds,34.257,-85.1647,2026-06-13 19:09:02
198,New York,30.46,Clear,40.7143,-74.006,2026-06-13 19:09:02
199,Barcelona,28.16,Clouds,41.3888,2.159,2026-06-13 19:09:02
200,Miami,32.13,Clouds,25.7743,-80.1937,2026-06-13 19:09:02
201,Lisbon,26.05,Clouds,38.7167,-9.1333,2026-06-13 19:10:01
202,Porto,21.29,Clouds,41.1496,-8.611,2026-06-13 19:10:01
203,London,21.49,Clouds,51.5085,-0.1257,2026-06-13 19:10:01
204,Paris,25.9,Clouds,48.8534,2.3488,2026-06-13 19:10:01
205,Berlin,16.23,Clouds,52.5244,13.4105,2026-06-13 19:10:01
206,Madrid,31.99,Clear,40.4165,-3.7026,2026-06-13 19:10:01
207,Rome,32.59,Clouds,34.257,-85.1647,2026-06-13 19:10:01
208,New York,30.46,Clear,40.7143,-74.006,2026-06-13 19:10:01
209,Barcelona,28.16,Clouds,41.3888,2.159,2026-06-13 19:10:01
210,Miami,32.13,Clouds,25.7743,-80.1937,2026-06-13 19:10:01
211,Lisbon,26.05,Clouds,38.7167,-9.1333,2026-06-13 19:11:01
212,Porto,21.29,Clouds,41.1496,-8.611,2026-06-13 19:11:01
213,London,21.2,Clouds,51.5085,-0.1257,2026-06-13 19:11:02
214,Paris,25.9,Clouds,48.8534,2.3488,2026-06-13 19:11:02
215,Berlin,16.11,Clouds,52.5244,13.4105,2026-06-13 19:11:02
216,Madrid,31.99,Clear,40.4165,-3.7026,2026-06-13 19:11:02
217,Rome,32.59,Clouds,34.257,-85.1647,2026-06-13 19:11:02
218,New York,30.46,Clear,40.7143,-74.006,2026-06-13 19:11:02
219,Barcelona,28.17,Clouds,41.3888,2.159,2026-06-13 19:11:02
220,Miami,32.28,Clouds,25.7743,-80.1937,2026-06-13 19:11:02
221,Lisbon,26.05,Clouds,38.7167,-9.1333,2026-06-13 19:12:01
222,Porto,21.29,Clouds,41.1496,-8.611,2026-06-13 19:12:01
223,London,21.2,Clouds,51.5085,-0.1257,2026-06-13 19:12:01
224,Paris,25.9,Clouds,48.8534,2.3488,2026-06-13 19:12:01
225,Berlin,16.11,Clouds,52.5244,13.4105,2026-06-13 19:12:02
226,Madrid,31.99,Clear,40.4165,-3.7026,2026-06-13 19:12:02
227,Rome,31.95,Clouds,34.257,-85.1647,2026-06-13 19:12:02
228,New York,30.46,Clear,40.7143,-74.006,2026-06-13 19:12:02
229,Barcelona,28.17,Clouds,41.3888,2.159,2026-06-13 19:12:02
230,Miami,32.28,Clouds,25.7743,-80.1937,2026-06-13 19:12:02
231,Lisbon,26.05,Clouds,38.7167,-9.1333,2026-06-13 19:13:02
232,Porto,21.29,Clouds,41.1496,-8.611,2026-06-13 19:13:02
233,London,21.2,Clouds,51.5085,-0.1257,2026-06-13 19:13:02
234,Paris,25.9,Clouds,48.8534,2.3488,2026-06-13 19:13:02
235,Berlin,16.11,Clouds,52.5244,13.4105,2026-06-13 19:13:02
236,Madrid,31.99,Clear,40.4165,-3.7026,2026-06-13 19:13:02
237,Rome,31.95,Clouds,34.257,-85.1647,2026-06-13 19:13:02
238,New York,30.46,Clear,40.7143,-74.006,2026-06-13 19:13:02
239,Barcelona,28.17,Clouds,41.3888,2.159,2026-06-13 19:13:02
240,Miami,32.28,Clouds,25.7743,-80.1937,2026-06-13 19:13:02
241,Lisbon,26.05,Clouds,38.7167,-9.1333,2026-06-13 19:14:02
242,Porto,21.29,Clouds,41.1496,-8.611,2026-06-13 19:14:02
243,London,21.2,Clouds,51.5085,-0.1257,2026-06-13 19:14:02
244,Paris,25.9,Clouds,48.8534,2.3488,2026-06-13 19:14:02
245,Berlin,16.11,Clouds,52.5244,13.4105,2026-06-13 19:14:02
246,Madrid,31.99,Clear,40.4165,-3.7026,2026-06-13 19:14:02
247,Rome,31.95,Clouds,34.257,-85.1647,2026-06-13 19:14:02
248,New York,30.46,Clear,40.7143,-74.006,2026-06-13 19:14:02
249,Barcelona,28.17,Clouds,41.3888,2.159,2026-06-13 19:14:02
250,Miami,32.28,Clouds,25.7743,-80.1937,2026-06-13 19:14:02
251,Lisbon,26.05,Clouds,38.7167,-9.1333,2026-06-13 19:15:01
252,Porto,21.29,Clouds,41.1496,-8.611,2026-06-13 19:15:01
253,London,21.2,Clouds,51.5085,-0.1257,2026-06-13 19:15:01
254,Paris,25.9,Clouds,48.8534,2.3488,2026-06-13 19:15:01
255,Berlin,16.11,Clouds,52.5244,13.4105,2026-06-13 19:15:01
256,Madrid,31.99,Clear,40.4165,-3.7026,2026-06-13 19:15:02
257,Rome,31.95,Clouds,34.257,-85.1647,2026-06-13 19:15:02
258,New York,30.46,Clear,40.7143,-74.006,2026-06-13 19:15:02
259,Barcelona,28.17,Clouds,41.3888,2.159,2026-06-13 19:15:02
260,Miami,32.28,Clouds,25.7743,-80.1937,2026-06-13 19:15:02
261,Lisbon,26.05,Clouds,38.7167,-9.1333,2026-06-13 19:16:01
262,Porto,21.29,Clouds,41.1496,-8.611,2026-06-13 19:16:01
263,London,21.2,Clouds,51.5085,-0.1257,2026-06-13 19:16:01
264,Paris,25.9,Clouds,48.8534,2.3488,2026-06-13 19:16:01
265,Berlin,16.11,Clouds,52.5244,13.4105,2026-06-13 19:16:01
266,Madrid,31.99,Clear,40.4165,-3.7026,2026-06-13 19:16:01
267,Rome,31.95,Clouds,34.257,-85.1647,2026-06-13 19:16:01
268,New York,30.46,Clear,40.7143,-74.006,2026-06-13 19:16:01
269,Barcelona,28.17,Clouds,41.3888,2.159,2026-06-13 19:16:01
270,Miami,32.28,Clouds,25.7743,-80.1937,2026-06-13 19:16:02
271,Lisbon,25.5,Clouds,38.7167,-9.1333,2026-06-13 19:17:02
272,Porto,21.29,Clouds,41.1496,-8.611,2026-06-13 19:17:02
273,London,21.2,Clouds,51.5085,-0.1257,2026-06-13 19:17:02
274,Paris,25.9,Clouds,48.8534,2.3488,2026-06-13 19:17:02
275,Berlin,16.11,Clouds,52.5244,13.4105,2026-06-13 19:17:02
276,Madrid,31.99,Clear,40.4165,-3.7026,2026-06-13 19:17:02
277,Rome,31.95,Clouds,34.257,-85.1647,2026-06-13 19:17:03
278,New York,30.46,Clear,40.7143,-74.006,2026-06-13 19:17:03
279,Barcelona,28.17,Clouds,41.3888,2.159,2026-06-13 19:17:03
280,Miami,32.28,Clouds,25.7743,-80.1937,2026-06-13 19:17:03
281,Lisbon,25.5,Clouds,38.7167,-9.1333,2026-06-13 19:18:01
282,Porto,21.29,Clouds,41.1496,-8.611,2026-06-13 19:18:01
283,London,21.2,Clouds,51.5085,-0.1257,2026-06-13 19:18:01
284,Paris,25.9,Clouds,48.8534,2.3488,2026-06-13 19:18:01
285,Berlin,16.11,Clouds,52.5244,13.4105,2026-06-13 19:18:01
286,Madrid,31.99,Clear,40.4165,-3.7026,2026-06-13 19:18:01
287,Rome,31.95,Clouds,34.257,-85.1647,2026-06-13 19:18:01
288,New York,30.59,Clear,40.7143,-74.006,2026-06-13 19:18:01
289,Barcelona,28.17,Clouds,41.3888,2.159,2026-06-13 19:18:02
290,Miami,32.28,Clouds,25.7743,-80.1937,2026-06-13 19:18:02
291,Lisbon,25.5,Clouds,38.7167,-9.1333,2026-06-13 19:19:01
292,Porto,21.29,Clouds,41.1496,-8.611,2026-06-13 19:19:01
293,London,21.2,Clouds,51.5085,-0.1257,2026-06-13 19:19:01
294,Paris,25.9,Clouds,48.8534,2.3488,2026-06-13 19:19:01
295,Berlin,16.11,Clouds,52.5244,13.4105,2026-06-13 19:19:01
296,Madrid,31.99,Clear,40.4165,-3.7026,2026-06-13 19:19:01
297,Rome,31.95,Clouds,34.257,-85.1647,2026-06-13 19:19:01
298,New York,30.59,Clear,40.7143,-74.006,2026-06-13 19:19:01
299,Barcelona,28.17,Clouds,41.3888,2.159,2026-06-13 19:19:01
300,Miami,32.28,Clouds,25.7743,-80.1937,2026-06-13 19:19:01
301,Lisbon,25.5,Clouds,38.7167,-9.1333,2026-06-13 19:20:01
302,Porto,21.29,Clouds,41.1496,-8.611,2026-06-13 19:20:01
303,London,21.2,Clouds,51.5085,-0.1257,2026-06-13 19:20:01
304,Paris,25.9,Clouds,48.8534,2.3488,2026-06-13 19:20:02
305,Berlin,16.11,Clouds,52.5244,13.4105,2026-06-13 19:20:02
306,Madrid,31.68,Clear,40.4165,-3.7026,2026-06-13 19:20:02
307,Rome,31.95,Clouds,34.257,-85.1647,2026-06-13 19:20:02
308,New York,30.59,Clear,40.7143,-74.006,2026-06-13 19:20:02
309,Barcelona,28.17,Clouds,41.3888,2.159,2026-06-13 19:20:02
310,Miami,32.28,Clouds,25.7743,-80.1937,2026-06-13 19:20:02
311,Lisbon,25.5,Clouds,38.7167,-9.1333,2026-06-13 19:21:01
312,Porto,21.29,Clouds,41.1496,-8.611,2026-06-13 19:21:01
313,London,21.27,Clouds,51.5085,-0.1257,2026-06-13 19:21:01
314,Paris,25.9,Clouds,48.8534,2.3488,2026-06-13 19:21:01
315,Berlin,16.11,Clouds,52.5244,13.4105,2026-06-13 19:21:01
316,Madrid,31.68,Clear,40.4165,-3.7026,2026-06-13 19:21:01
317,Rome,31.95,Clouds,34.257,-85.1647,2026-06-13 19:21:01
318,New York,30.59,Clear,40.7143,-74.006,2026-06-13 19:21:01
319,Barcelona,28.18,Clouds,41.3888,2.159,2026-06-13 19:21:02
320,Miami,32.28,Clouds,25.7743,-80.1937,2026-06-13 19:21:02
321,Lisbon,25.5,Clouds,38.7167,-9.1333,2026-06-13 19:22:01
322,Porto,21.29,Clouds,41.1496,-8.611,2026-06-13 19:22:01
323,London,21.27,Clouds,51.5085,-0.1257,2026-06-13 19:22:01
324,Paris,25.9,Clouds,48.8534,2.3488,2026-06-13 19:22:01
325,Berlin,16.12,Clouds,52.5244,13.4105,2026-06-13 19:22:01
326,Madrid,31.68,Clear,40.4165,-3.7026,2026-06-13 19:22:01
327,Rome,31.95,Clouds,34.257,-85.1647,2026-06-13 19:22:02
328,New York,30.59,Clear,40.7143,-74.006,2026-06-13 19:22:02
329,Barcelona,28.18,Clouds,41.3888,2.159,2026-06-13 19:22:02
330,Miami,32.53,Clouds,25.7743,-80.1937,2026-06-13 19:22:02
331,Lisbon,25.5,Clouds,38.7167,-9.1333,2026-06-13 19:23:01
332,Porto,21.29,Clouds,41.1496,-8.611,2026-06-13 19:23:01
333,London,21.27,Clouds,51.5085,-0.1257,2026-06-13 19:23:01
334,Paris,25.9,Clouds,48.8534,2.3488,2026-06-13 19:23:01
335,Berlin,16.12,Clouds,52.5244,13.4105,2026-06-13 19:23:01
336,Madrid,31.68,Clear,40.4165,-3.7026,2026-06-13 19:23:01
337,Rome,32.53,Clouds,34.257,-85.1647,2026-06-13 19:23:01
338,New York,30.59,Clear,40.7143,-74.006,2026-06-13 19:23:01
339,Barcelona,28.18,Clouds,41.3888,2.159,2026-06-13 19:23:01
340,Miami,32.53,Clouds,25.7743,-80.1937,2026-06-13 19:23:01
341,Lisbon,25.5,Clouds,38.7167,-9.1333,2026-06-13 19:24:02
342,Porto,21.29,Clouds,41.1496,-8.611,2026-06-13 19:24:02
343,London,21.27,Clouds,51.5085,-0.1257,2026-06-13 19:24:02
344,Paris,25.9,Clouds,48.8534,2.3488,2026-06-13 19:24:02
345,Berlin,16.12,Clouds,52.5244,13.4105,2026-06-13 19:24:02
346,Madrid,31.68,Clear,40.4165,-3.7026,2026-06-13 19:24:02
347,Rome,32.53,Clouds,34.257,-85.1647,2026-06-13 19:24:02
348,New York,30.59,Clear,40.7143,-74.006,2026-06-13 19:24:02
349,Barcelona,28.18,Clouds,41.3888,2.159,2026-06-13 19:24:02
350,Miami,32.53,Clouds,25.7743,-80.1937,2026-06-13 19:24:02
351,Lisbon,25.5,Clouds,38.7167,-9.1333,2026-06-13 19:25:02
352,Porto,21.2,Clouds,41.1496,-8.611,2026-06-13 19:25:02
353,London,21.23,Clouds,51.5085,-0.1257,2026-06-13 19:25:02
354,Paris,25.9,Clouds,48.8534,2.3488,2026-06-13 19:25:02
355,Berlin,16.12,Clouds,52.5244,13.4105,2026-06-13 19:25:02
356,Madrid,31.76,Clear,40.4165,-3.7026,2026-06-13 19:25:02
357,Rome,32.37,Clouds,34.257,-85.1647,2026-06-13 19:25:02
358,New York,30.51,Clear,40.7143,-74.006,2026-06-13 19:25:02
359,Barcelona,28.18,Clouds,41.3888,2.159,2026-06-13 19:25:02
360,Miami,32.53,Clouds,25.7743,-80.1937,2026-06-13 19:25:02
361,Lisbon,25.5,Clouds,38.7167,-9.1333,2026-06-13 19:26:01
362,Porto,21.2,Clouds,41.1496,-8.611,2026-06-13 19:26:02
363,London,21.18,Clouds,51.5085,-0.1257,2026-06-13 19:26:02
364,Paris,25.8,Clouds,48.8534,2.3488,2026-06-13 19:26:02
365,Berlin,16.12,Clouds,52.5244,13.4105,2026-06-13 19:26:02
366,Madrid,31.76,Clear,40.4165,-3.7026,2026-06-13 19:26:02
367,Rome,31.91,Clouds,34.257,-85.1647,2026-06-13 19:26:02
368,New York,30.51,Clear,40.7143,-74.006,2026-06-13 19:26:02
369,Barcelona,28.18,Clouds,41.3888,2.159,2026-06-13 19:26:02
370,Miami,32.53,Clouds,25.7743,-80.1937,2026-06-13 19:26:02
371,Lisbon,25.5,Clouds,38.7167,-9.1333,2026-06-13 19:27:01
372,Porto,21.2,Clouds,41.1496,-8.611,2026-06-13 19:27:02
373,London,21.18,Clouds,51.5085,-0.1257,2026-06-13 19:27:02
374,Paris,25.8,Clouds,48.8534,2.3488,2026-06-13 19:27:02
375,Berlin,16.12,Clouds,52.5244,13.4105,2026-06-13 19:27:02
376,Madrid,31.73,Clear,40.4165,-3.7026,2026-06-13 19:27:02
377,Rome,31.91,Clouds,34.257,-85.1647,2026-06-13 19:27:02
378,New York,30.51,Clear,40.7143,-74.006,2026-06-13 19:27:02
379,Barcelona,28.18,Clouds,41.3888,2.159,2026-06-13 19:27:02
380,Miami,32.53,Clouds,25.7743,-80.1937,2026-06-13 19:27:02
381,Lisbon,25.5,Clouds,38.7167,-9.1333,2026-06-13 19:28:01
382,Porto,21.2,Clouds,41.1496,-8.611,2026-06-13 19:28:01
383,London,21.18,Clouds,51.5085,-0.1257,2026-06-13 19:28:01
384,Paris,25.8,Clouds,48.8534,2.3488,2026-06-13 19:28:01
385,Berlin,16.12,Clouds,52.5244,13.4105,2026-06-13 19:28:01
386,Madrid,31.73,Clear,40.4165,-3.7026,2026-06-13 19:28:01
387,Rome,31.91,Clouds,34.257,-85.1647,2026-06-13 19:28:01
388,New York,30.51,Clear,40.7143,-74.006,2026-06-13 19:28:02
389,Barcelona,28.18,Clouds,41.3888,2.159,2026-06-13 19:28:02
390,Miami,32.53,Clouds,25.7743,-80.1937,2026-06-13 19:28:02
391,Lisbon,25.5,Clouds,38.7167,-9.1333,2026-06-13 19:29:01
392,Porto,21.2,Clouds,41.1496,-8.611,2026-06-13 19:29:01
393,London,21.18,Clouds,51.5085,-0.1257,2026-06-13 19:29:01
394,Paris,25.8,Clouds,48.8534,2.3488,2026-06-13 19:29:01
395,Berlin,15.96,Clouds,52.5244,13.4105,2026-06-13 19:29:01
396,Madrid,31.73,Clear,40.4165,-3.7026,2026-06-13 19:29:01
397,Rome,31.91,Clouds,34.257,-85.1647,2026-06-13 19:29:01
398,New York,30.51,Clear,40.7143,-74.006,2026-06-13 19:29:01
399,Barcelona,28.18,Clouds,41.3888,2.159,2026-06-13 19:29:01
400,Miami,32.53,Clouds,25.7743,-80.1937,2026-06-13 19:29:01
401,Lisbon,25.5,Clouds,38.7167,-9.1333,2026-06-13 19:30:01
402,Porto,21.2,Clouds,41.1496,-8.611,2026-06-13 19:30:01
403,London,21.18,Clouds,51.5085,-0.1257,2026-06-13 19:30:01
404,Paris,25.8,Clouds,48.8534,2.3488,2026-06-13 19:30:01
405,Berlin,15.96,Clouds,52.5244,13.4105,2026-06-13 19:30:02
406,Madrid,31.73,Clear,40.4165,-3.7026,2026-06-13 19:30:02
407,Rome,31.91,Clouds,34.257,-85.1647,2026-06-13 19:30:02
408,New York,30.46,Clear,40.7143,-74.006,2026-06-13 19:30:02
409,Barcelona,28.18,Clouds,41.3888,2.159,2026-06-13 19:30:02
410,Miami,32.53,Clouds,25.7743,-80.1937,2026-06-13 19:30:02
411,Lisbon,25.5,Clouds,38.7167,-9.1333,2026-06-13 19:31:01
412,Porto,21.2,Clouds,41.1496,-8.611,2026-06-13 19:31:01
413,London,21.18,Clouds,51.5085,-0.1257,2026-06-13 19:31:01
414,Paris,25.8,Clouds,48.8534,2.3488,2026-06-13 19:31:01
415,Berlin,15.96,Clouds,52.5244,13.4105,2026-06-13 19:31:01
416,Madrid,31.73,Clear,40.4165,-3.7026,2026-06-13 19:31:01
417,Rome,31.91,Clouds,34.257,-85.1647,2026-06-13 19:31:01
418,New York,30.46,Clear,40.7143,-74.006,2026-06-13 19:31:01
419,Barcelona,28.18,Clouds,41.3888,2.159,2026-06-13 19:31:01
420,Miami,32.53,Clouds,25.7743,-80.1937,2026-06-13 19:31:01
421,Lisbon,25.5,Clouds,38.7167,-9.1333,2026-06-13 19:32:02
422,Porto,21.2,Clouds,41.1496,-8.611,2026-06-13 19:32:02
423,London,21.18,Clouds,51.5085,-0.1257,2026-06-13 19:32:02
424,Paris,25.8,Clouds,48.8534,2.3488,2026-06-13 19:32:02
425,Berlin,15.96,Clouds,52.5244,13.4105,2026-06-13 19:32:02
426,Madrid,31.73,Clear,40.4165,-3.7026,2026-06-13 19:32:02
427,Rome,31.91,Clouds,34.257,-85.1647,2026-06-13 19:32:02
428,New York,30.46,Clear,40.7143,-74.006,2026-06-13 19:32:02
429,Barcelona,28.18,Clouds,41.3888,2.159,2026-06-13 19:32:02
430,Miami,32.53,Clouds,25.7743,-80.1937,2026-06-13 19:32:02
431,Lisbon,25.5,Clouds,38.7167,-9.1333,2026-06-13 19:33:01
432,Porto,21.2,Clouds,41.1496,-8.611,2026-06-13 19:33:01
433,London,21.18,Clouds,51.5085,-0.1257,2026-06-13 19:33:01
434,Paris,25.8,Clouds,48.8534,2.3488,2026-06-13 19:33:01
435,Berlin,15.96,Clouds,52.5244,13.4105,2026-06-13 19:33:01
436,Madrid,31.73,Clear,40.4165,-3.7026,2026-06-13 19:33:01
437,Rome,31.91,Clouds,34.257,-85.1647,2026-06-13 19:33:01
438,New York,30.46,Clear,40.7143,-74.006,2026-06-13 19:33:01
439,Barcelona,28.18,Clouds,41.3888,2.159,2026-06-13 19:33:02
440,Miami,32.38,Clouds,25.7743,-80.1937,2026-06-13 19:33:02
441,Lisbon,24.78,Clear,38.7167,-9.1333,2026-06-13 19:45:51
442,Porto,21.27,Clouds,41.1496,-8.611,2026-06-13 19:45:51
443,London,20.6,Clouds,51.5085,-0.1257,2026-06-13 19:45:51
444,Paris,25.04,Clear,48.8534,2.3488,2026-06-13 19:45:51
445,Berlin,15.72,Clear,52.5244,13.4105,2026-06-13 19:45:52
446,Madrid,31.4,Clear,40.4165,-3.7026,2026-06-13 19:45:52
447,Rome,33.28,Clouds,34.257,-85.1647,2026-06-13 19:45:52
448,New York,30.73,Clear,40.7143,-74.006,2026-06-13 19:45:52
449,Barcelona,27.38,Clouds,41.3888,2.159,2026-06-13 19:45:52
450,Miami,32.38,Clouds,25.7743,-80.1937,2026-06-13 19:45:52
451,Lisbon,24.78,Clear,38.7167,-9.1333,2026-06-13 19:46:02
452,Porto,21.27,Clouds,41.1496,-8.611,2026-06-13 19:46:02
453,London,20.6,Clouds,51.5085,-0.1257,2026-06-13 19:46:02
454,Paris,25.04,Clear,48.8534,2.3488,2026-06-13 19:46:03
455,Berlin,15.72,Clear,52.5244,13.4105,2026-06-13 19:46:03
456,Madrid,31.4,Clear,40.4165,-3.7026,2026-06-13 19:46:03
457,Rome,33.28,Clouds,34.257,-85.1647,2026-06-13 19:46:03
458,New York,30.73,Clear,40.7143,-74.006,2026-06-13 19:46:03
459,Barcelona,27.38,Clouds,41.3888,2.159,2026-06-13 19:46:03
460,Miami,32.38,Clouds,25.7743,-80.1937,2026-06-13 19:46:03
461,Lisbon,24.82,Clear,38.7167,-9.1333,2026-06-13 20:00:02
462,Porto,21.31,Clouds,41.1496,-8.611,2026-06-13 20:00:02
463,London,19.78,Clouds,51.5085,-0.1257,2026-06-13 20:00:02
464,Paris,25.04,Clear,48.8534,2.3488,2026-06-13 20:00:02
465,Berlin,15.27,Clear,52.5244,13.4105,2026-06-13 20:00:02
466,Madrid,31.34,Clear,40.4165,-3.7026,2026-06-13 20:00:02
467,Rome,32.41,Clouds,34.257,-85.1647,2026-06-13 20:00:02
468,New York,30.75,Clear,40.7143,-74.006,2026-06-13 20:00:02
469,Barcelona,27.68,Clouds,41.3888,2.159,2026-06-13 20:00:02
470,Miami,32.08,Clouds,25.7743,-80.1937,2026-06-13 20:00:03
471,Lisbon,22.81,Clear,38.7167,-9.1333,2026-06-13 21:00:02
472,Porto,20.12,Clouds,41.1496,-8.611,2026-06-13 21:00:02
473,London,18.49,Clouds,51.5085,-0.1257,2026-06-13 21:00:02
474,Paris,22.82,Clear,48.8534,2.3488,2026-06-13 21:00:02
475,Berlin,14.29,Clear,52.5244,13.4105,2026-06-13 21:00:02
476,Madrid,29.61,Clear,40.4165,-3.7026,2026-06-13 21:00:02
477,Rome,33.79,Clouds,34.257,-85.1647,2026-06-13 21:00:02
478,New York,31.19,Clear,40.7143,-74.006,2026-06-13 21:00:02
479,Barcelona,26.2,Clouds,41.3888,2.159,2026-06-13 21:00:02
480,Miami,32.07,Clouds,25.7743,-80.1937,2026-06-13 21:00:02
481,Lisbon,22.21,Clear,38.7167,-9.1333,2026-06-13 22:00:01
482,Porto,19.55,Clouds,41.1496,-8.611,2026-06-13 22:00:01
483,London,17.41,Clouds,51.5085,-0.1257,2026-06-13 22:00:01
484,Paris,21.16,Clear,48.8534,2.3488,2026-06-13 22:00:01
485,Berlin,13.15,Clear,52.5244,13.4105,2026-06-13 22:00:01
486,Madrid,28.55,Clear,40.4165,-3.7026,2026-06-13 22:00:01
487,Rome,31.54,Clouds,34.257,-85.1647,2026-06-13 22:00:01
488,New York,30.32,Clear,40.7143,-74.006,2026-06-13 22:00:01
489,Barcelona,25.37,Clouds,41.3888,2.159,2026-06-13 22:00:01
490,Miami,31.79,Clouds,25.7743,-80.1937,2026-06-13 22:00:01
491,Lisbon,22.03,Clear,38.7167,-9.1333,2026-06-13 23:00:01
492,Porto,19.8,Clouds,41.1496,-8.611,2026-06-13 23:00:01
493,London,16.08,Clouds,51.5085,-0.1257,2026-06-13 23:00:01
494,Paris,20.21,Clear,48.8534,2.3488,2026-06-13 23:00:02
495,Berlin,12.77,Clear,52.5244,13.4105,2026-06-13 23:00:02
496,Madrid,27.87,Clear,40.4165,-3.7026,2026-06-13 23:00:02
497,Rome,31.36,Clouds,34.257,-85.1647,2026-06-13 23:00:02
498,New York,30.75,Clear,40.7143,-74.006,2026-06-13 23:00:02
499,Barcelona,24.69,Clouds,41.3888,2.159,2026-06-13 23:00:02
500,Miami,30.36,Clouds,25.7743,-80.1937,2026-06-13 23:00:02
501,Lisbon,21.54,Clear,38.7167,-9.1333,2026-06-14 00:00:01
502,Porto,19.31,Clouds,41.1496,-8.611,2026-06-14 00:00:01
503,London,14.89,Clouds,51.5085,-0.1257,2026-06-14 00:00:01
504,Paris,19.44,Clouds,48.8534,2.3488,2026-06-14 00:00:01
505,Berlin,12.57,Clear,52.5244,13.4105,2026-06-14 00:00:01
506,Madrid,26.77,Clear,40.4165,-3.7026,2026-06-14 00:00:01
507,Rome,30.74,Clouds,34.257,-85.1647,2026-06-14 00:00:01
508,New York,30.27,Clear,40.7143,-74.006,2026-06-14 00:00:01
509,Barcelona,24.61,Clouds,41.3888,2.159,2026-06-14 00:00:01
510,Miami,29.55,Clouds,25.7743,-80.1937,2026-06-14 00:00:01
511,Lisbon,21.13,Clear,38.7167,-9.1333,2026-06-14 01:00:01
512,Porto,18.74,Clouds,41.1496,-8.611,2026-06-14 01:00:01
513,London,13.76,Clouds,51.5085,-0.1257,2026-06-14 01:00:01
514,Paris,18.26,Clouds,48.8534,2.3488,2026-06-14 01:00:01
515,Berlin,12.51,Clear,52.5244,13.4105,2026-06-14 01:00:01
516,Madrid,25.74,Clear,40.4165,-3.7026,2026-06-14 01:00:01
517,Rome,29.52,Clouds,34.257,-85.1647,2026-06-14 01:00:02
518,New York,29.61,Clear,40.7143,-74.006,2026-06-14 01:00:02
519,Barcelona,24.47,Clouds,41.3888,2.159,2026-06-14 01:00:02
520,Miami,28.78,Clouds,25.7743,-80.1937,2026-06-14 01:00:02
521,Lisbon,21.04,Clear,38.7167,-9.1333,2026-06-14 04:00:57
522,Porto,18.8,Rain,41.1496,-8.611,2026-06-14 04:00:57
523,London,12.48,Clouds,51.5085,-0.1257,2026-06-14 04:00:57
524,Paris,13.97,Clear,48.8534,2.3488,2026-06-14 04:00:57
525,Berlin,11.48,Clouds,52.5244,13.4105,2026-06-14 04:00:57
526,Madrid,22.92,Clouds,40.4165,-3.7026,2026-06-14 04:00:57
527,Rome,25,Clouds,34.257,-85.1647,2026-06-14 04:00:57
528,New York,25.56,Clouds,40.7143,-74.006,2026-06-14 04:00:57
529,Barcelona,24.43,Clouds,41.3888,2.159,2026-06-14 04:00:57
530,Miami,27.8,Clear,25.7743,-80.1937,2026-06-14 04:00:57
531,Lisbon,20.9,Clear,38.7167,-9.1333,2026-06-14 07:00:02
532,Porto,22.02,Rain,41.1496,-8.611,2026-06-14 07:00:03
533,London,13.06,Clouds,51.5085,-0.1257,2026-06-14 07:00:03
534,Paris,14.39,Clouds,48.8534,2.3488,2026-06-14 07:00:03
535,Berlin,12.49,Clouds,52.5244,13.4105,2026-06-14 07:00:03
536,Madrid,21.07,Clouds,40.4165,-3.7026,2026-06-14 07:00:03
537,Rome,23.68,Clouds,34.257,-85.1647,2026-06-14 07:00:03
538,New York,24.3,Clouds,40.7143,-74.006,2026-06-14 07:00:03
539,Barcelona,26.21,Clouds,41.3888,2.159,2026-06-14 07:00:03
540,Miami,26.83,Clear,25.7743,-80.1937,2026-06-14 07:00:03
541,Lisbon,23.62,Clear,38.7167,-9.1333,2026-06-14 10:00:03
542,Porto,24.74,Rain,41.1496,-8.611,2026-06-14 10:00:03
543,London,16.97,Clouds,51.5085,-0.1257,2026-06-14 10:00:03
544,Paris,21.33,Clouds,48.8534,2.3488,2026-06-14 10:00:03
545,Berlin,14.31,Clouds,52.5244,13.4105,2026-06-14 10:00:03
546,Madrid,25.79,Clouds,40.4165,-3.7026,2026-06-14 10:00:03
547,Rome,22.56,Clouds,34.257,-85.1647,2026-06-14 10:00:03
548,New York,22.7,Clouds,40.7143,-74.006,2026-06-14 10:00:03
549,Barcelona,29.31,Clear,41.3888,2.159,2026-06-14 10:00:03
550,Miami,25.66,Clear,25.7743,-80.1937,2026-06-14 10:00:03
551,Lisbon,23.71,Clear,38.7167,-9.1333,2026-06-14 10:30:03
552,Porto,24.59,Rain,41.1496,-8.611,2026-06-14 10:30:03
553,London,17.47,Clouds,51.5085,-0.1257,2026-06-14 10:30:03
554,Paris,21.42,Clouds,48.8534,2.3488,2026-06-14 10:30:03
555,Berlin,14.29,Clouds,52.5244,13.4105,2026-06-14 10:30:03
556,Madrid,25.43,Clouds,40.4165,-3.7026,2026-06-14 10:30:03
557,Rome,22.96,Clouds,34.257,-85.1647,2026-06-14 10:30:03
558,New York,22.55,Clouds,40.7143,-74.006,2026-06-14 10:30:03
559,Barcelona,30.34,Clear,41.3888,2.159,2026-06-14 10:30:03
560,Miami,25.58,Clear,25.7743,-80.1937,2026-06-14 10:30:04
561,Lisbon,24.15,Clear,38.7167,-9.1333,2026-06-14 11:00:04
562,Porto,24.71,Rain,41.1496,-8.611,2026-06-14 11:00:04
563,London,18.24,Clouds,51.5085,-0.1257,2026-06-14 11:00:04
564,Paris,21.97,Clouds,48.8534,2.3488,2026-06-14 11:00:04
565,Berlin,15.22,Clouds,52.5244,13.4105,2026-06-14 11:00:04
566,Madrid,26.12,Clouds,40.4165,-3.7026,2026-06-14 11:00:04
567,Rome,22.67,Clouds,34.257,-85.1647,2026-06-14 11:00:04
568,New York,21.92,Clouds,40.7143,-74.006,2026-06-14 11:00:04
569,Barcelona,30.13,Clear,41.3888,2.159,2026-06-14 11:00:04
570,Miami,25.69,Clear,25.7743,-80.1937,2026-06-14 11:00:04
571,Lisbon,24.82,Clear,38.7167,-9.1333,2026-06-14 11:30:04
572,Porto,25.27,Clouds,41.1496,-8.611,2026-06-14 11:30:04
573,London,18.06,Clouds,51.5085,-0.1257,2026-06-14 11:30:04
574,Paris,21.14,Clouds,48.8534,2.3488,2026-06-14 11:30:04
575,Berlin,14.96,Rain,52.5244,13.4105,2026-06-14 11:30:04
576,Madrid,26.67,Clouds,40.4165,-3.7026,2026-06-14 11:30:04
577,Rome,22.71,Clouds,34.257,-85.1647,2026-06-14 11:30:04
578,New York,22.13,Clouds,40.7143,-74.006,2026-06-14 11:30:04
579,Barcelona,30.29,Clear,41.3888,2.159,2026-06-14 11:30:04
580,Miami,26.14,Clear,25.7743,-80.1937,2026-06-14 11:30:05
581,Lisbon,24.78,Clear,38.7167,-9.1333,2026-06-14 12:00:04
582,Porto,25.27,Rain,41.1496,-8.611,2026-06-14 12:00:04
583,London,18.99,Clouds,51.5085,-0.1257,2026-06-14 12:00:04
584,Paris,24.08,Clouds,48.8534,2.3488,2026-06-14 12:00:04
585,Berlin,16.39,Clouds,52.5244,13.4105,2026-06-14 12:00:04
586,Madrid,27.83,Clouds,40.4165,-3.7026,2026-06-14 12:00:04
587,Rome,22.99,Rain,34.257,-85.1647,2026-06-14 12:00:04
588,New York,22.11,Clouds,40.7143,-74.006,2026-06-14 12:00:04
589,Barcelona,30.63,Clouds,41.3888,2.159,2026-06-14 12:00:04
590,Miami,26.57,Clear,25.7743,-80.1937,2026-06-14 12:00:04
591,Lisbon,24.91,Clear,38.7167,-9.1333,2026-06-14 12:30:04
592,Porto,25.27,Clouds,41.1496,-8.611,2026-06-14 12:30:04
593,London,19.72,Clouds,51.5085,-0.1257,2026-06-14 12:30:04
594,Paris,24.69,Clouds,48.8534,2.3488,2026-06-14 12:30:05
595,Berlin,16.31,Clouds,52.5244,13.4105,2026-06-14 12:30:05
596,Madrid,28.76,Clouds,40.4165,-3.7026,2026-06-14 12:30:05
597,Rome,22.77,Clouds,34.257,-85.1647,2026-06-14 12:30:05
598,New York,22.73,Clouds,40.7143,-74.006,2026-06-14 12:30:05
599,Barcelona,30.41,Clouds,41.3888,2.159,2026-06-14 12:30:05
600,Miami,26.34,Clear,25.7743,-80.1937,2026-06-14 12:30:05
601,Lisbon,24.45,Clear,38.7167,-9.1333,2026-06-14 13:00:04
602,Porto,22.79,Clouds,41.1496,-8.611,2026-06-14 13:00:04
603,London,20.34,Clouds,51.5085,-0.1257,2026-06-14 13:00:04
604,Paris,23.33,Clouds,48.8534,2.3488,2026-06-14 13:00:04
605,Berlin,16,Rain,52.5244,13.4105,2026-06-14 13:00:04
606,Madrid,29.43,Clouds,40.4165,-3.7026,2026-06-14 13:00:04
607,Rome,23.5,Clouds,34.257,-85.1647,2026-06-14 13:00:05
608,New York,23.76,Clouds,40.7143,-74.006,2026-06-14 13:00:05
609,Barcelona,30.34,Clouds,41.3888,2.159,2026-06-14 13:00:05
610,Miami,27.27,Clear,25.7743,-80.1937,2026-06-14 13:00:05
611,Lisbon,24.29,Clear,38.7167,-9.1333,2026-06-14 13:30:04
612,Porto,22.2,Clouds,41.1496,-8.611,2026-06-14 13:30:04
613,London,20.44,Clouds,51.5085,-0.1257,2026-06-14 13:30:04
614,Paris,23.85,Clouds,48.8534,2.3488,2026-06-14 13:30:04
615,Berlin,15.48,Rain,52.5244,13.4105,2026-06-14 13:30:05
616,Madrid,30.51,Clear,40.4165,-3.7026,2026-06-14 13:30:05
617,Rome,24.24,Clouds,34.257,-85.1647,2026-06-14 13:30:05
618,New York,24.47,Clouds,40.7143,-74.006,2026-06-14 13:30:05
619,Barcelona,29.72,Clouds,41.3888,2.159,2026-06-14 13:30:05
620,Miami,28.23,Rain,25.7743,-80.1937,2026-06-14 13:30:05
621,Lisbon,23.61,Clear,38.7167,-9.1333,2026-06-14 14:00:04
622,Porto,22.16,Clouds,41.1496,-8.611,2026-06-14 14:00:04
623,London,21.01,Clouds,51.5085,-0.1257,2026-06-14 14:00:05
624,Paris,23.95,Clouds,48.8534,2.3488,2026-06-14 14:00:05
625,Berlin,16.7,Clouds,52.5244,13.4105,2026-06-14 14:00:05
626,Madrid,31.21,Clear,40.4165,-3.7026,2026-06-14 14:00:05
627,Rome,24.92,Clouds,34.257,-85.1647,2026-06-14 14:00:05
628,New York,26.31,Clouds,40.7143,-74.006,2026-06-14 14:00:05
629,Barcelona,29.78,Clouds,41.3888,2.159,2026-06-14 14:00:05
630,Miami,29.3,Rain,25.7743,-80.1937,2026-06-14 14:00:05
631,Lisbon,23.82,Clear,38.7167,-9.1333,2026-06-14 14:30:04
632,Porto,22.93,Clouds,41.1496,-8.611,2026-06-14 14:30:04
633,London,21.04,Clouds,51.5085,-0.1257,2026-06-14 14:30:04
634,Paris,24.14,Clouds,48.8534,2.3488,2026-06-14 14:30:04
635,Berlin,16.46,Rain,52.5244,13.4105,2026-06-14 14:30:04
636,Madrid,31.99,Clear,40.4165,-3.7026,2026-06-14 14:30:04
637,Rome,26.22,Clouds,34.257,-85.1647,2026-06-14 14:30:04
638,New York,27.33,Clouds,40.7143,-74.006,2026-06-14 14:30:04
639,Barcelona,29.57,Clouds,41.3888,2.159,2026-06-14 14:30:04
640,Miami,29.71,Rain,25.7743,-80.1937,2026-06-14 14:30:04
641,Lisbon,24.58,Clear,38.7167,-9.1333,2026-06-14 15:00:04
642,Porto,22.77,Clouds,41.1496,-8.611,2026-06-14 15:00:04
643,London,21.01,Clouds,51.5085,-0.1257,2026-06-14 15:00:04
644,Paris,25.34,Clouds,48.8534,2.3488,2026-06-14 15:00:04
645,Berlin,16.42,Clouds,52.5244,13.4105,2026-06-14 15:00:04
646,Madrid,31.46,Clear,40.4165,-3.7026,2026-06-14 15:00:04
647,Rome,26.9,Clouds,34.257,-85.1647,2026-06-14 15:00:04
648,New York,28.46,Clouds,40.7143,-74.006,2026-06-14 15:00:04
649,Barcelona,29.27,Clouds,41.3888,2.159,2026-06-14 15:00:04
650,Miami,30.83,Clear,25.7743,-80.1937,2026-06-14 15:00:04
651,Lisbon,24.13,Clear,38.7167,-9.1333,2026-06-14 15:30:05
652,Porto,22.76,Clouds,41.1496,-8.611,2026-06-14 15:30:05
653,London,21.3,Clouds,51.5085,-0.1257,2026-06-14 15:30:05
654,Paris,25.21,Clouds,48.8534,2.3488,2026-06-14 15:30:05
655,Berlin,17.02,Clouds,52.5244,13.4105,2026-06-14 15:30:05
656,Madrid,32.11,Clear,40.4165,-3.7026,2026-06-14 15:30:05
657,Rome,27.59,Clouds,34.257,-85.1647,2026-06-14 15:30:05
658,New York,28.83,Clouds,40.7143,-74.006,2026-06-14 15:30:05
659,Barcelona,29.62,Clouds,41.3888,2.159,2026-06-14 15:30:05
660,Miami,31.24,Rain,25.7743,-80.1937,2026-06-14 15:30:05
661,Lisbon,24.85,Clear,38.7167,-9.1333,2026-06-14 16:00:06
662,Porto,21.97,Clouds,41.1496,-8.611,2026-06-14 16:00:06
663,London,21.57,Clouds,51.5085,-0.1257,2026-06-14 16:00:06
664,Paris,26.09,Clouds,48.8534,2.3488,2026-06-14 16:00:06
665,Berlin,16.79,Rain,52.5244,13.4105,2026-06-14 16:00:06
666,Madrid,32.86,Clear,40.4165,-3.7026,2026-06-14 16:00:06
667,Rome,28.8,Clouds,34.257,-85.1647,2026-06-14 16:00:06
668,New York,29.63,Clouds,40.7143,-74.006,2026-06-14 16:00:06
669,Barcelona,29.29,Clouds,41.3888,2.159,2026-06-14 16:00:06
670,Miami,32.05,Rain,25.7743,-80.1937,2026-06-14 16:00:06
671,Lisbon,24.77,Clear,38.7167,-9.1333,2026-06-14 16:30:04
672,Porto,21.97,Clouds,41.1496,-8.611,2026-06-14 16:30:04
673,London,21.54,Clouds,51.5085,-0.1257,2026-06-14 16:30:04
674,Paris,26.09,Clouds,48.8534,2.3488,2026-06-14 16:30:04
675,Berlin,16.35,Clouds,52.5244,13.4105,2026-06-14 16:30:04
676,Madrid,32.88,Clear,40.4165,-3.7026,2026-06-14 16:30:04
677,Rome,28.3,Clouds,34.257,-85.1647,2026-06-14 16:30:04
678,New York,30.33,Clouds,40.7143,-74.006,2026-06-14 16:30:04
679,Barcelona,29.35,Clouds,41.3888,2.159,2026-06-14 16:30:04
680,Miami,32.18,Clear,25.7743,-80.1937,2026-06-14 16:30:04
681,Lisbon,23.69,Clear,38.7167,-9.1333,2026-06-14 17:00:04
682,Porto,20.33,Clouds,41.1496,-8.611,2026-06-14 17:00:04
683,London,21.36,Clouds,51.5085,-0.1257,2026-06-14 17:00:04
684,Paris,26.11,Clouds,48.8534,2.3488,2026-06-14 17:00:04
685,Berlin,16.34,Clouds,52.5244,13.4105,2026-06-14 17:00:04
686,Madrid,33.47,Clear,40.4165,-3.7026,2026-06-14 17:00:04
687,Rome,28.66,Rain,34.257,-85.1647,2026-06-14 17:00:04
688,New York,30.91,Clouds,40.7143,-74.006,2026-06-14 17:00:04
689,Barcelona,29.12,Clouds,41.3888,2.159,2026-06-14 17:00:04
690,Miami,32.7,Rain,25.7743,-80.1937,2026-06-14 17:00:04
691,Lisbon,23.44,Clear,38.7167,-9.1333,2026-06-14 17:30:06
692,Porto,20.33,Clouds,41.1496,-8.611,2026-06-14 17:30:06
693,London,21.27,Clouds,51.5085,-0.1257,2026-06-14 17:30:06
694,Paris,26.31,Clouds,48.8534,2.3488,2026-06-14 17:30:06
695,Berlin,16.59,Clouds,52.5244,13.4105,2026-06-14 17:30:06
696,Madrid,32.89,Clear,40.4165,-3.7026,2026-06-14 17:30:06
697,Rome,29.07,Clouds,34.257,-85.1647,2026-06-14 17:30:06
698,New York,31.34,Clouds,40.7143,-74.006,2026-06-14 17:30:06
699,Barcelona,29.12,Clouds,41.3888,2.159,2026-06-14 17:30:06
700,Miami,32.79,Clear,25.7743,-80.1937,2026-06-14 17:30:06
701,Lisbon,23.4,Clear,38.7167,-9.1333,2026-06-14 18:00:04
702,Porto,19.79,Clouds,41.1496,-8.611,2026-06-14 18:00:04
703,London,20.7,Clouds,51.5085,-0.1257,2026-06-14 18:00:04
704,Paris,25.57,Clouds,48.8534,2.3488,2026-06-14 18:00:04
705,Berlin,16.63,Clouds,52.5244,13.4105,2026-06-14 18:00:04
706,Madrid,33.19,Clear,40.4165,-3.7026,2026-06-14 18:00:04
707,Rome,29.59,Clouds,34.257,-85.1647,2026-06-14 18:00:04
708,New York,31.48,Clouds,40.7143,-74.006,2026-06-14 18:00:04
709,Barcelona,28.47,Clouds,41.3888,2.159,2026-06-14 18:00:04
710,Miami,33.2,Clear,25.7743,-80.1937,2026-06-14 18:00:04
711,Lisbon,22.85,Clear,38.7167,-9.1333,2026-06-14 18:30:02
712,Porto,19.79,Clouds,41.1496,-8.611,2026-06-14 18:30:02
713,London,20.84,Clouds,51.5085,-0.1257,2026-06-14 18:30:02
714,Paris,25.98,Clouds,48.8534,2.3488,2026-06-14 18:30:02
715,Berlin,16.61,Clouds,52.5244,13.4105,2026-06-14 18:30:02
716,Madrid,33.05,Clear,40.4165,-3.7026,2026-06-14 18:30:02
717,Rome,29.47,Clouds,34.257,-85.1647,2026-06-14 18:30:02
718,New York,31.93,Clouds,40.7143,-74.006,2026-06-14 18:30:02
719,Barcelona,28.46,Clouds,41.3888,2.159,2026-06-14 18:30:03
720,Miami,33.29,Clear,25.7743,-80.1937,2026-06-14 18:30:03
721,Lisbon,22.12,Clear,38.7167,-9.1333,2026-06-14 19:00:02
722,Porto,19.32,Clouds,41.1496,-8.611,2026-06-14 19:00:02
723,London,20.55,Clouds,51.5085,-0.1257,2026-06-14 19:00:02
724,Paris,25.42,Clouds,48.8534,2.3488,2026-06-14 19:00:02
725,Berlin,16.54,Clouds,52.5244,13.4105,2026-06-14 19:00:02
726,Madrid,31.68,Clear,40.4165,-3.7026,2026-06-14 19:00:02
727,Rome,29.97,Clouds,34.257,-85.1647,2026-06-14 19:00:02
728,New York,32.25,Clouds,40.7143,-74.006,2026-06-14 19:00:02
729,Barcelona,27.79,Clouds,41.3888,2.159,2026-06-14 19:00:02
730,Miami,33.21,Clear,25.7743,-80.1937,2026-06-14 19:00:02
731,Lisbon,22.4,Clear,38.7167,-9.1333,2026-06-14 19:30:02
732,Porto,19.02,Clouds,41.1496,-8.611,2026-06-14 19:30:02
733,London,19.99,Clouds,51.5085,-0.1257,2026-06-14 19:30:02
734,Paris,25.3,Clouds,48.8534,2.3488,2026-06-14 19:30:02
735,Berlin,16.07,Clouds,52.5244,13.4105,2026-06-14 19:30:02
736,Madrid,29.08,Rain,40.4165,-3.7026,2026-06-14 19:30:02
737,Rome,30.04,Clouds,34.257,-85.1647,2026-06-14 19:30:02
738,New York,31.58,Clouds,40.7143,-74.006,2026-06-14 19:30:02
739,Barcelona,27.45,Clouds,41.3888,2.159,2026-06-14 19:30:02
740,Miami,33.01,Rain,25.7743,-80.1937,2026-06-14 19:30:02
741,Lisbon,21.72,Clear,38.7167,-9.1333,2026-06-14 20:00:02
742,Porto,19.03,Clouds,41.1496,-8.611,2026-06-14 20:00:02
743,London,19.51,Clouds,51.5085,-0.1257,2026-06-14 20:00:02
744,Paris,24.5,Clouds,48.8534,2.3488,2026-06-14 20:00:02
745,Berlin,15.57,Clouds,52.5244,13.4105,2026-06-14 20:00:02
746,Madrid,26.32,Rain,40.4165,-3.7026,2026-06-14 20:00:02
747,Rome,30.34,Rain,34.257,-85.1647,2026-06-14 20:00:02
748,New York,31.48,Clouds,40.7143,-74.006,2026-06-14 20:00:02
749,Barcelona,26.87,Clear,41.3888,2.159,2026-06-14 20:00:02
750,Miami,32.78,Clouds,25.7743,-80.1937,2026-06-14 20:00:02
751,Lisbon,20.68,Clear,38.7167,-9.1333,2026-06-14 20:30:01
752,Porto,18.78,Clouds,41.1496,-8.611,2026-06-14 20:30:01
753,London,19.34,Clouds,51.5085,-0.1257,2026-06-14 20:30:02
754,Paris,23.99,Clouds,48.8534,2.3488,2026-06-14 20:30:02
755,Berlin,15.34,Clouds,52.5244,13.4105,2026-06-14 20:30:02
756,Madrid,23.75,Rain,40.4165,-3.7026,2026-06-14 20:30:02
757,Rome,30.57,Clouds,34.257,-85.1647,2026-06-14 20:30:02
758,New York,31.3,Clouds,40.7143,-74.006,2026-06-14 20:30:02
759,Barcelona,26.76,Clear,41.3888,2.159,2026-06-14 20:30:02
760,Miami,31.99,Clouds,25.7743,-80.1937,2026-06-14 20:30:02
761,Lisbon,19.87,Clear,38.7167,-9.1333,2026-06-14 21:00:02
762,Porto,18.05,Clouds,41.1496,-8.611,2026-06-14 21:00:02
763,London,18.8,Clouds,51.5085,-0.1257,2026-06-14 21:00:02
764,Paris,22.27,Clouds,48.8534,2.3488,2026-06-14 21:00:02
765,Berlin,14.98,Clouds,52.5244,13.4105,2026-06-14 21:00:02
766,Madrid,23.06,Rain,40.4165,-3.7026,2026-06-14 21:00:02
767,Rome,30.65,Clouds,34.257,-85.1647,2026-06-14 21:00:02
768,New York,31.35,Clouds,40.7143,-74.006,2026-06-14 21:00:02
769,Barcelona,26.29,Clear,41.3888,2.159,2026-06-14 21:00:02
770,Miami,31.71,Clouds,25.7743,-80.1937,2026-06-14 21:00:02
771,Lisbon,19.31,Clear,38.7167,-9.1333,2026-06-14 21:30:01
772,Porto,18.05,Clouds,41.1496,-8.611,2026-06-14 21:30:01
773,London,18.34,Clouds,51.5085,-0.1257,2026-06-14 21:30:01
774,Paris,21.61,Clouds,48.8534,2.3488,2026-06-14 21:30:01
775,Berlin,14.92,Clouds,52.5244,13.4105,2026-06-14 21:30:01
776,Madrid,23.29,Rain,40.4165,-3.7026,2026-06-14 21:30:01
777,Rome,31.06,Clouds,34.257,-85.1647,2026-06-14 21:30:01
778,New York,30.96,Clouds,40.7143,-74.006,2026-06-14 21:30:01
779,Barcelona,25.93,Clear,41.3888,2.159,2026-06-14 21:30:01
780,Miami,30,Clouds,25.7743,-80.1937,2026-06-14 21:30:01
781,Lisbon,18.69,Clear,38.7167,-9.1333,2026-06-14 22:00:01
782,Porto,18.08,Clouds,41.1496,-8.611,2026-06-14 22:00:01
783,London,18.01,Clouds,51.5085,-0.1257,2026-06-14 22:00:02
784,Paris,19.87,Clouds,48.8534,2.3488,2026-06-14 22:00:02
785,Berlin,14.73,Clouds,52.5244,13.4105,2026-06-14 22:00:02
786,Madrid,19.9,Rain,40.4165,-3.7026,2026-06-14 22:00:02
787,Rome,31.09,Clouds,34.257,-85.1647,2026-06-14 22:00:02
788,New York,30.33,Clouds,40.7143,-74.006,2026-06-14 22:00:02
789,Barcelona,25.66,Clear,41.3888,2.159,2026-06-14 22:00:02
790,Miami,28.58,Rain,25.7743,-80.1937,2026-06-14 22:00:02
791,Lisbon,18.35,Clear,38.7167,-9.1333,2026-06-14 22:30:01
792,Porto,18.08,Clouds,41.1496,-8.611,2026-06-14 22:30:02
793,London,17.9,Clouds,51.5085,-0.1257,2026-06-14 22:30:02
794,Paris,19.95,Clouds,48.8534,2.3488,2026-06-14 22:30:02
795,Berlin,14.44,Clouds,52.5244,13.4105,2026-06-14 22:30:02
796,Madrid,20.14,Rain,40.4165,-3.7026,2026-06-14 22:30:02
797,Rome,30.6,Clouds,34.257,-85.1647,2026-06-14 22:30:02
798,New York,30.36,Clouds,40.7143,-74.006,2026-06-14 22:30:02
799,Barcelona,25.84,Clear,41.3888,2.159,2026-06-14 22:30:02
800,Miami,27.79,Rain,25.7743,-80.1937,2026-06-14 22:30:02
801,Lisbon,18.35,Clear,38.7167,-9.1333,2026-06-14 23:00:02
802,Porto,17.78,Clouds,41.1496,-8.611,2026-06-14 23:00:02
803,London,17.1,Clouds,51.5085,-0.1257,2026-06-14 23:00:02
804,Paris,19.25,Clouds,48.8534,2.3488,2026-06-14 23:00:02
805,Berlin,14.17,Clouds,52.5244,13.4105,2026-06-14 23:00:02
806,Madrid,18.77,Rain,40.4165,-3.7026,2026-06-14 23:00:02
807,Rome,27.35,Clouds,34.257,-85.1647,2026-06-14 23:00:02
808,New York,30.07,Clouds,40.7143,-74.006,2026-06-14 23:00:02
809,Barcelona,25.8,Clouds,41.3888,2.159,2026-06-14 23:00:02
810,Miami,28.34,Clouds,25.7743,-80.1937,2026-06-14 23:00:02
811,Lisbon,18.35,Clear,38.7167,-9.1333,2026-06-14 23:30:02
812,Porto,17.78,Clouds,41.1496,-8.611,2026-06-14 23:30:02
813,London,17.18,Clouds,51.5085,-0.1257,2026-06-14 23:30:02
814,Paris,18.74,Clouds,48.8534,2.3488,2026-06-14 23:30:02
815,Berlin,13.84,Clouds,52.5244,13.4105,2026-06-14 23:30:02
816,Madrid,19.8,Rain,40.4165,-3.7026,2026-06-14 23:30:02
817,Rome,26.9,Clouds,34.257,-85.1647,2026-06-14 23:30:02
818,New York,29.59,Clouds,40.7143,-74.006,2026-06-14 23:30:02
819,Barcelona,25.85,Clouds,41.3888,2.159,2026-06-14 23:30:02
820,Miami,27.79,Clouds,25.7743,-80.1937,2026-06-14 23:30:02
821,Lisbon,18.35,Clear,38.7167,-9.1333,2026-06-15 00:00:01
822,Porto,17.79,Clouds,41.1496,-8.611,2026-06-15 00:00:01
823,London,16.22,Clouds,51.5085,-0.1257,2026-06-15 00:00:01
824,Paris,18.17,Clouds,48.8534,2.3488,2026-06-15 00:00:01
825,Berlin,13.73,Clouds,52.5244,13.4105,2026-06-15 00:00:01
826,Madrid,18.7,Clouds,40.4165,-3.7026,2026-06-15 00:00:01
827,Rome,25.18,Rain,34.257,-85.1647,2026-06-15 00:00:01
828,New York,28.34,Clouds,40.7143,-74.006,2026-06-15 00:00:01
829,Barcelona,25.57,Clouds,41.3888,2.159,2026-06-15 00:00:01
830,Miami,27.79,Clouds,25.7743,-80.1937,2026-06-15 00:00:02
831,Lisbon,18.2,Clear,38.7167,-9.1333,2026-06-15 00:30:03
832,Porto,17.63,Clouds,41.1496,-8.611,2026-06-15 00:30:03
833,London,16.44,Clouds,51.5085,-0.1257,2026-06-15 00:30:03
834,Paris,18.04,Clouds,48.8534,2.3488,2026-06-15 00:30:03
835,Berlin,13.52,Clouds,52.5244,13.4105,2026-06-15 00:30:03
836,Madrid,19.22,Clouds,40.4165,-3.7026,2026-06-15 00:30:03
837,Rome,23.82,Rain,34.257,-85.1647,2026-06-15 00:30:03
838,New York,28.19,Clouds,40.7143,-74.006,2026-06-15 00:30:03
839,Barcelona,25.33,Clouds,41.3888,2.159,2026-06-15 00:30:03
840,Miami,27.79,Clouds,25.7743,-80.1937,2026-06-15 00:30:03
841,Lisbon,18.13,Clear,38.7167,-9.1333,2026-06-15 01:00:02
842,Porto,17.63,Clouds,41.1496,-8.611,2026-06-15 01:00:02
843,London,14.59,Clouds,51.5085,-0.1257,2026-06-15 01:00:02
844,Paris,16.27,Clouds,48.8534,2.3488,2026-06-15 01:00:02
845,Berlin,13.21,Clouds,52.5244,13.4105,2026-06-15 01:00:02
846,Madrid,19.04,Clouds,40.4165,-3.7026,2026-06-15 01:00:03
847,Rome,23.66,Clouds,34.257,-85.1647,2026-06-15 01:00:03
848,New York,27.68,Clouds,40.7143,-74.006,2026-06-15 01:00:03
849,Barcelona,25.05,Clouds,41.3888,2.159,2026-06-15 01:00:03
850,Miami,27.79,Clouds,25.7743,-80.1937,2026-06-15 01:00:03
851,Lisbon,18.13,Clear,38.7167,-9.1333,2026-06-15 01:30:02
852,Porto,17.55,Clouds,41.1496,-8.611,2026-06-15 01:30:03
853,London,15.77,Clouds,51.5085,-0.1257,2026-06-15 01:30:03
854,Paris,16.3,Clouds,48.8534,2.3488,2026-06-15 01:30:03
855,Berlin,13.15,Clouds,52.5244,13.4105,2026-06-15 01:30:03
856,Madrid,18.96,Rain,40.4165,-3.7026,2026-06-15 01:30:03
857,Rome,23.26,Clouds,34.257,-85.1647,2026-06-15 01:30:03
858,New York,26.79,Clouds,40.7143,-74.006,2026-06-15 01:30:03
859,Barcelona,24.64,Clouds,41.3888,2.159,2026-06-15 01:30:03
860,Miami,27.78,Clouds,25.7743,-80.1937,2026-06-15 01:30:03
861,Lisbon,18.13,Clear,38.7167,-9.1333,2026-06-15 02:00:03
862,Porto,17.55,Clouds,41.1496,-8.611,2026-06-15 02:00:03
863,London,15.33,Clouds,51.5085,-0.1257,2026-06-15 02:00:03
864,Paris,15.12,Clouds,48.8534,2.3488,2026-06-15 02:00:03
865,Berlin,13.07,Clouds,52.5244,13.4105,2026-06-15 02:00:03
866,Madrid,18.42,Clouds,40.4165,-3.7026,2026-06-15 02:00:03
867,Rome,23.24,Clouds,34.257,-85.1647,2026-06-15 02:00:03
868,New York,26.08,Clouds,40.7143,-74.006,2026-06-15 02:00:03
869,Barcelona,25.23,Clouds,41.3888,2.159,2026-06-15 02:00:04
870,Miami,27.77,Clouds,25.7743,-80.1937,2026-06-15 02:00:04
871,Lisbon,17.8,Clear,38.7167,-9.1333,2026-06-15 02:30:03
872,Porto,16.74,Clouds,41.1496,-8.611,2026-06-15 02:30:03
873,London,14.64,Clouds,51.5085,-0.1257,2026-06-15 02:30:03
874,Paris,14.49,Clouds,48.8534,2.3488,2026-06-15 02:30:03
875,Berlin,12.92,Clouds,52.5244,13.4105,2026-06-15 02:30:03
876,Madrid,18.49,Clouds,40.4165,-3.7026,2026-06-15 02:30:03
877,Rome,23.04,Clouds,34.257,-85.1647,2026-06-15 02:30:03
878,New York,25.39,Rain,40.7143,-74.006,2026-06-15 02:30:03
879,Barcelona,25.23,Clouds,41.3888,2.159,2026-06-15 02:30:03
880,Miami,27.78,Clouds,25.7743,-80.1937,2026-06-15 02:30:03
881,Lisbon,17.8,Clear,38.7167,-9.1333,2026-06-15 03:00:03
882,Porto,16.36,Clouds,41.1496,-8.611,2026-06-15 03:00:03
883,London,14.11,Clouds,51.5085,-0.1257,2026-06-15 03:00:03
884,Paris,13.98,Clouds,48.8534,2.3488,2026-06-15 03:00:03
885,Berlin,12.68,Clouds,52.5244,13.4105,2026-06-15 03:00:03
886,Madrid,17.98,Clouds,40.4165,-3.7026,2026-06-15 03:00:03
887,Rome,23.19,Clouds,34.257,-85.1647,2026-06-15 03:00:03
888,New York,23.51,Clouds,40.7143,-74.006,2026-06-15 03:00:03
889,Barcelona,23.92,Clouds,41.3888,2.159,2026-06-15 03:00:04
890,Miami,26.99,Clouds,25.7743,-80.1937,2026-06-15 03:00:04
891,Lisbon,17.73,Clear,38.7167,-9.1333,2026-06-15 03:30:04
892,Porto,16.36,Clouds,41.1496,-8.611,2026-06-15 03:30:04
893,London,13.97,Clouds,51.5085,-0.1257,2026-06-15 03:30:04
894,Paris,13.51,Clouds,48.8534,2.3488,2026-06-15 03:30:04
895,Berlin,12.59,Clouds,52.5244,13.4105,2026-06-15 03:30:04
896,Madrid,17.86,Clouds,40.4165,-3.7026,2026-06-15 03:30:04
897,Rome,23.08,Clouds,34.257,-85.1647,2026-06-15 03:30:04
898,New York,23.29,Clouds,40.7143,-74.006,2026-06-15 03:30:04
899,Barcelona,24.21,Clouds,41.3888,2.159,2026-06-15 03:30:04
900,Miami,26.87,Clouds,25.7743,-80.1937,2026-06-15 03:30:04
901,Lisbon,17.58,Clear,38.7167,-9.1333,2026-06-15 04:00:04
902,Porto,16.25,Clouds,41.1496,-8.611,2026-06-15 04:00:04
903,London,13.69,Clouds,51.5085,-0.1257,2026-06-15 04:00:04
904,Paris,13.28,Clouds,48.8534,2.3488,2026-06-15 04:00:04
905,Berlin,12.47,Clouds,52.5244,13.4105,2026-06-15 04:00:04
906,Madrid,17.29,Clouds,40.4165,-3.7026,2026-06-15 04:00:04
907,Rome,22.75,Clouds,34.257,-85.1647,2026-06-15 04:00:04
908,New York,22.46,Clouds,40.7143,-74.006,2026-06-15 04:00:04
909,Barcelona,24.67,Clouds,41.3888,2.159,2026-06-15 04:00:04
910,Miami,26.83,Clouds,25.7743,-80.1937,2026-06-15 04:00:04
911,Lisbon,17.24,Clear,38.7167,-9.1333,2026-06-15 04:30:03
912,Porto,16.26,Clouds,41.1496,-8.611,2026-06-15 04:30:03
913,London,13.39,Rain,51.5085,-0.1257,2026-06-15 04:30:03
914,Paris,13.28,Clouds,48.8534,2.3488,2026-06-15 04:30:03
915,Berlin,12.26,Clouds,52.5244,13.4105,2026-06-15 04:30:03
916,Madrid,17.01,Clouds,40.4165,-3.7026,2026-06-15 04:30:03
917,Rome,22.14,Clouds,34.257,-85.1647,2026-06-15 04:30:03
918,New York,22.81,Rain,40.7143,-74.006,2026-06-15 04:30:03
919,Barcelona,24.38,Clouds,41.3888,2.159,2026-06-15 04:30:03
920,Miami,26.8,Clouds,25.7743,-80.1937,2026-06-15 04:30:03
921,Lisbon,17.24,Clouds,38.7167,-9.1333,2026-06-15 05:00:03
922,Porto,16.21,Clouds,41.1496,-8.611,2026-06-15 05:00:03
923,London,13.4,Rain,51.5085,-0.1257,2026-06-15 05:00:03
924,Paris,13.36,Clouds,48.8534,2.3488,2026-06-15 05:00:03
925,Berlin,12.3,Clouds,52.5244,13.4105,2026-06-15 05:00:03
926,Madrid,16.75,Clouds,40.4165,-3.7026,2026-06-15 05:00:03
927,Rome,22.12,Clouds,34.257,-85.1647,2026-06-15 05:00:03
928,New York,22.29,Rain,40.7143,-74.006,2026-06-15 05:00:03
929,Barcelona,24.42,Clouds,41.3888,2.159,2026-06-15 05:00:03
930,Miami,26.87,Rain,25.7743,-80.1937,2026-06-15 05:00:03
931,Lisbon,17.18,Clouds,38.7167,-9.1333,2026-06-15 05:30:03
932,Porto,16.24,Clouds,41.1496,-8.611,2026-06-15 05:30:03
933,London,13.44,Clouds,51.5085,-0.1257,2026-06-15 05:30:03
934,Paris,12.89,Clouds,48.8534,2.3488,2026-06-15 05:30:04
935,Berlin,12.47,Clouds,52.5244,13.4105,2026-06-15 05:30:04
936,Madrid,16.81,Clouds,40.4165,-3.7026,2026-06-15 05:30:04
937,Rome,21.84,Clouds,34.257,-85.1647,2026-06-15 05:30:04
938,New York,21.92,Rain,40.7143,-74.006,2026-06-15 05:30:04
939,Barcelona,24.15,Clouds,41.3888,2.159,2026-06-15 05:30:04
940,Miami,26.7,Rain,25.7743,-80.1937,2026-06-15 05:30:04
941,Lisbon,17.02,Clouds,38.7167,-9.1333,2026-06-15 06:00:04
942,Porto,17.28,Clouds,41.1496,-8.611,2026-06-15 06:00:04
943,London,13.4,Rain,51.5085,-0.1257,2026-06-15 06:00:04
944,Paris,13.29,Clouds,48.8534,2.3488,2026-06-15 06:00:04
945,Berlin,12.52,Clouds,52.5244,13.4105,2026-06-15 06:00:04
946,Madrid,17.45,Clouds,40.4165,-3.7026,2026-06-15 06:00:04
947,Rome,21.64,Clouds,34.257,-85.1647,2026-06-15 06:00:04
948,New York,21.79,Rain,40.7143,-74.006,2026-06-15 06:00:04
949,Barcelona,23.66,Clouds,41.3888,2.159,2026-06-15 06:00:04
950,Miami,26.74,Clouds,25.7743,-80.1937,2026-06-15 06:00:04
951,Lisbon,17.18,Clouds,38.7167,-9.1333,2026-06-15 06:30:04
952,Porto,17.3,Clouds,41.1496,-8.611,2026-06-15 06:30:04
953,London,13.34,Clouds,51.5085,-0.1257,2026-06-15 06:30:04
954,Paris,15.03,Clouds,48.8534,2.3488,2026-06-15 06:30:04
955,Berlin,12.69,Clouds,52.5244,13.4105,2026-06-15 06:30:04
956,Madrid,17.62,Clouds,40.4165,-3.7026,2026-06-15 06:30:04
957,Rome,21.35,Clouds,34.257,-85.1647,2026-06-15 06:30:04
958,New York,21.76,Rain,40.7143,-74.006,2026-06-15 06:30:04
959,Barcelona,24.44,Clouds,41.3888,2.159,2026-06-15 06:30:05
960,Miami,26.61,Rain,25.7743,-80.1937,2026-06-15 06:30:05
961,Lisbon,17.24,Clouds,38.7167,-9.1333,2026-06-15 07:00:04
962,Porto,17.63,Clouds,41.1496,-8.611,2026-06-15 07:00:04
963,London,13.37,Clouds,51.5085,-0.1257,2026-06-15 07:00:04
964,Paris,15.83,Clouds,48.8534,2.3488,2026-06-15 07:00:04
965,Berlin,12.89,Clouds,52.5244,13.4105,2026-06-15 07:00:04
966,Madrid,17.9,Clouds,40.4165,-3.7026,2026-06-15 07:00:04
967,Rome,21.01,Clouds,34.257,-85.1647,2026-06-15 07:00:04
968,New York,21.56,Rain,40.7143,-74.006,2026-06-15 07:00:04
969,Barcelona,23.78,Clouds,41.3888,2.159,2026-06-15 07:00:04
970,Miami,26.51,Rain,25.7743,-80.1937,2026-06-15 07:00:04
971,Lisbon,17.39,Clouds,38.7167,-9.1333,2026-06-15 07:30:04
972,Porto,17.69,Clouds,41.1496,-8.611,2026-06-15 07:30:04
973,London,13.51,Clouds,51.5085,-0.1257,2026-06-15 07:30:04
974,Paris,16.23,Clouds,48.8534,2.3488,2026-06-15 07:30:04
975,Berlin,13.01,Clouds,52.5244,13.4105,2026-06-15 07:30:04
976,Madrid,18.25,Clouds,40.4165,-3.7026,2026-06-15 07:30:04
977,Rome,20.97,Clouds,34.257,-85.1647,2026-06-15 07:30:05
978,New York,21.51,Rain,40.7143,-74.006,2026-06-15 07:30:05
979,Barcelona,24.18,Clouds,41.3888,2.159,2026-06-15 07:30:05
980,Miami,26.28,Clouds,25.7743,-80.1937,2026-06-15 07:30:05
981,Lisbon,18.62,Clouds,38.7167,-9.1333,2026-06-15 08:00:04
982,Porto,18.1,Clouds,41.1496,-8.611,2026-06-15 08:00:04
983,London,13.66,Clouds,51.5085,-0.1257,2026-06-15 08:00:04
984,Paris,16.85,Clouds,48.8534,2.3488,2026-06-15 08:00:04
985,Berlin,13.02,Clouds,52.5244,13.4105,2026-06-15 08:00:04
986,Madrid,18.48,Clouds,40.4165,-3.7026,2026-06-15 08:00:04
987,Rome,20.59,Clouds,34.257,-85.1647,2026-06-15 08:00:04
988,New York,21.41,Rain,40.7143,-74.006,2026-06-15 08:00:04
989,Barcelona,26.37,Clouds,41.3888,2.159,2026-06-15 08:00:04
990,Miami,26.33,Clouds,25.7743,-80.1937,2026-06-15 08:00:04
991,Lisbon,18.53,Clouds,38.7167,-9.1333,2026-06-15 08:30:04
992,Porto,18.02,Clouds,41.1496,-8.611,2026-06-15 08:30:04
993,London,13.73,Clouds,51.5085,-0.1257,2026-06-15 08:30:04
994,Paris,17.96,Clouds,48.8534,2.3488,2026-06-15 08:30:04
995,Berlin,13.7,Clouds,52.5244,13.4105,2026-06-15 08:30:04
996,Madrid,19.56,Clouds,40.4165,-3.7026,2026-06-15 08:30:04
997,Rome,20.79,Clouds,34.257,-85.1647,2026-06-15 08:30:04
998,New York,21.44,Clouds,40.7143,-74.006,2026-06-15 08:30:04
999,Barcelona,25.97,Clouds,41.3888,2.159,2026-06-15 08:30:04
1000,Miami,25.96,Clouds,25.7743,-80.1937,2026-06-15 08:30:04
1001,Lisbon,19.58,Clear,38.7167,-9.1333,2026-06-15 09:00:04
1002,Porto,18.21,Clouds,41.1496,-8.611,2026-06-15 09:00:04
1003,London,13.99,Clouds,51.5085,-0.1257,2026-06-15 09:00:04
1004,Paris,18.74,Clouds,48.8534,2.3488,2026-06-15 09:00:04
1005,Berlin,14.05,Clouds,52.5244,13.4105,2026-06-15 09:00:04
1006,Madrid,20.49,Clouds,40.4165,-3.7026,2026-06-15 09:00:05
1007,Rome,21.15,Clouds,34.257,-85.1647,2026-06-15 09:00:05
1008,New York,21.59,Clouds,40.7143,-74.006,2026-06-15 09:00:05
1009,Barcelona,27.23,Clouds,41.3888,2.159,2026-06-15 09:00:05
1010,Miami,25.73,Rain,25.7743,-80.1937,2026-06-15 09:00:05
1011,Lisbon,19.98,Clear,38.7167,-9.1333,2026-06-15 09:30:05
1012,Porto,18.25,Clouds,41.1496,-8.611,2026-06-15 09:30:05
1013,London,14.51,Clouds,51.5085,-0.1257,2026-06-15 09:30:05
1014,Paris,20.2,Clouds,48.8534,2.3488,2026-06-15 09:30:05
1015,Berlin,14.86,Clouds,52.5244,13.4105,2026-06-15 09:30:05
1016,Madrid,20.86,Clouds,40.4165,-3.7026,2026-06-15 09:30:05
1017,Rome,20.9,Clouds,34.257,-85.1647,2026-06-15 09:30:05
1018,New York,21.33,Clouds,40.7143,-74.006,2026-06-15 09:30:05
1019,Barcelona,27.97,Clouds,41.3888,2.159,2026-06-15 09:30:05
1020,Miami,25.42,Clouds,25.7743,-80.1937,2026-06-15 09:30:05
1021,Lisbon,21.22,Clear,38.7167,-9.1333,2026-06-15 10:00:04
1022,Porto,18.69,Clouds,41.1496,-8.611,2026-06-15 10:00:04
1023,London,15.46,Clouds,51.5085,-0.1257,2026-06-15 10:00:04
1024,Paris,22.54,Clouds,48.8534,2.3488,2026-06-15 10:00:04
1025,Berlin,15.06,Clouds,52.5244,13.4105,2026-06-15 10:00:04
1026,Madrid,21.93,Clouds,40.4165,-3.7026,2026-06-15 10:00:04
1027,Rome,20.84,Clouds,34.257,-85.1647,2026-06-15 10:00:04
1028,New York,21.17,Clouds,40.7143,-74.006,2026-06-15 10:00:04
1029,Barcelona,28.63,Clouds,41.3888,2.159,2026-06-15 10:00:05
1030,Miami,25.11,Clouds,25.7743,-80.1937,2026-06-15 10:00:05
1031,Lisbon,22.54,Clear,38.7167,-9.1333,2026-06-15 10:30:04
1032,Porto,18.84,Clouds,41.1496,-8.611,2026-06-15 10:30:04
1033,London,16.07,Clouds,51.5085,-0.1257,2026-06-15 10:30:04
1034,Paris,22.04,Clouds,48.8534,2.3488,2026-06-15 10:30:04
1035,Berlin,15.07,Clouds,52.5244,13.4105,2026-06-15 10:30:05
1036,Madrid,22.6,Clouds,40.4165,-3.7026,2026-06-15 10:30:05
1037,Rome,20.36,Clouds,34.257,-85.1647,2026-06-15 10:30:05
1038,New York,21.01,Clouds,40.7143,-74.006,2026-06-15 10:30:05
1039,Barcelona,28.86,Clouds,41.3888,2.159,2026-06-15 10:30:05
1040,Miami,24.87,Clouds,25.7743,-80.1937,2026-06-15 10:30:05
1041,Lisbon,22.9,Clear,38.7167,-9.1333,2026-06-15 11:00:05
1042,Porto,19.45,Clouds,41.1496,-8.611,2026-06-15 11:00:05
1043,London,16.53,Clouds,51.5085,-0.1257,2026-06-15 11:00:05
1044,Paris,22.52,Clouds,48.8534,2.3488,2026-06-15 11:00:05
1045,Berlin,15.37,Clouds,52.5244,13.4105,2026-06-15 11:00:05
1046,Madrid,23.96,Clouds,40.4165,-3.7026,2026-06-15 11:00:05
1047,Rome,19.65,Clouds,34.257,-85.1647,2026-06-15 11:00:05
1048,New York,20.36,Clouds,40.7143,-74.006,2026-06-15 11:00:05
1049,Barcelona,29.22,Clouds,41.3888,2.159,2026-06-15 11:00:05
1050,Miami,25.07,Clouds,25.7743,-80.1937,2026-06-15 11:00:05
1051,Lisbon,23.01,Clear,38.7167,-9.1333,2026-06-15 11:30:05
1052,Porto,19.46,Clouds,41.1496,-8.611,2026-06-15 11:30:05
1053,London,17.34,Clouds,51.5085,-0.1257,2026-06-15 11:30:05
1054,Paris,22.36,Clouds,48.8534,2.3488,2026-06-15 11:30:05
1055,Berlin,15.24,Clouds,52.5244,13.4105,2026-06-15 11:30:05
1056,Madrid,24.19,Clouds,40.4165,-3.7026,2026-06-15 11:30:05
1057,Rome,19.26,Clouds,34.257,-85.1647,2026-06-15 11:30:05
1058,New York,19.6,Clouds,40.7143,-74.006,2026-06-15 11:30:05
1059,Barcelona,28.74,Clouds,41.3888,2.159,2026-06-15 11:30:05
1060,Miami,24.85,Clouds,25.7743,-80.1937,2026-06-15 11:30:05
1061,Lisbon,22.69,Clear,38.7167,-9.1333,2026-06-15 12:00:04
1062,Porto,19.58,Clouds,41.1496,-8.611,2026-06-15 12:00:04
1063,London,18.08,Clouds,51.5085,-0.1257,2026-06-15 12:00:04
1064,Paris,23.32,Clouds,48.8534,2.3488,2026-06-15 12:00:04
1065,Berlin,15.85,Clouds,52.5244,13.4105,2026-06-15 12:00:04
1066,Madrid,25.15,Clouds,40.4165,-3.7026,2026-06-15 12:00:04
1067,Rome,18.96,Clouds,34.257,-85.1647,2026-06-15 12:00:04
1068,New York,19.45,Clouds,40.7143,-74.006,2026-06-15 12:00:04
1069,Barcelona,28.74,Clouds,41.3888,2.159,2026-06-15 12:00:04
1070,Miami,25,Rain,25.7743,-80.1937,2026-06-15 12:00:05
1071,Lisbon,22.88,Clear,38.7167,-9.1333,2026-06-15 12:30:05
1072,Porto,19.7,Clouds,41.1496,-8.611,2026-06-15 12:30:05
1073,London,18.57,Clouds,51.5085,-0.1257,2026-06-15 12:30:05
1074,Paris,24.09,Clouds,48.8534,2.3488,2026-06-15 12:30:05
1075,Berlin,17.39,Clouds,52.5244,13.4105,2026-06-15 12:30:05
1076,Madrid,26.53,Clouds,40.4165,-3.7026,2026-06-15 12:30:05
1077,Rome,18.96,Clouds,34.257,-85.1647,2026-06-15 12:30:05
1078,New York,19.86,Clouds,40.7143,-74.006,2026-06-15 12:30:05
1079,Barcelona,29,Clouds,41.3888,2.159,2026-06-15 12:30:05
1080,Miami,25.05,Rain,25.7743,-80.1937,2026-06-15 12:30:05
1081,Lisbon,22.88,Clear,38.7167,-9.1333,2026-06-15 13:00:05
1082,Porto,19.78,Clouds,41.1496,-8.611,2026-06-15 13:00:05
1083,London,19.78,Clouds,51.5085,-0.1257,2026-06-15 13:00:05
1084,Paris,25,Clouds,48.8534,2.3488,2026-06-15 13:00:05
1085,Berlin,17.6,Clouds,52.5244,13.4105,2026-06-15 13:00:05
1086,Madrid,27.24,Clouds,40.4165,-3.7026,2026-06-15 13:00:05
1087,Rome,18.85,Clouds,34.257,-85.1647,2026-06-15 13:00:05
1088,New York,20.15,Clouds,40.7143,-74.006,2026-06-15 13:00:05
1089,Barcelona,28.98,Clouds,41.3888,2.159,2026-06-15 13:00:05
1090,Miami,25.65,Clouds,25.7743,-80.1937,2026-06-15 13:00:05
1091,Lisbon,22.88,Clear,38.7167,-9.1333,2026-06-15 13:30:05
1092,Porto,19.92,Clouds,41.1496,-8.611,2026-06-15 13:30:05
1093,London,20.39,Clouds,51.5085,-0.1257,2026-06-15 13:30:05
1094,Paris,26.46,Clouds,48.8534,2.3488,2026-06-15 13:30:05
1095,Berlin,18.29,Clouds,52.5244,13.4105,2026-06-15 13:30:05
1096,Madrid,27.39,Clouds,40.4165,-3.7026,2026-06-15 13:30:05
1097,Rome,19.32,Clouds,34.257,-85.1647,2026-06-15 13:30:05
1098,New York,20.65,Clouds,40.7143,-74.006,2026-06-15 13:30:05
1099,Barcelona,29.19,Clouds,41.3888,2.159,2026-06-15 13:30:05
1100,Miami,26.72,Rain,25.7743,-80.1937,2026-06-15 13:30:06
1101,Lisbon,23.08,Clear,38.7167,-9.1333,2026-06-15 14:00:05
1102,Porto,19.67,Clouds,41.1496,-8.611,2026-06-15 14:00:05
1103,London,20.46,Clouds,51.5085,-0.1257,2026-06-15 14:00:05
1104,Paris,28,Clouds,48.8534,2.3488,2026-06-15 14:00:05
1105,Berlin,18.81,Clouds,52.5244,13.4105,2026-06-15 14:00:05
1106,Madrid,28,Clear,40.4165,-3.7026,2026-06-15 14:00:05
1107,Rome,20.23,Clouds,34.257,-85.1647,2026-06-15 14:00:05
1108,New York,21.16,Clear,40.7143,-74.006,2026-06-15 14:00:05
1109,Barcelona,29.23,Clear,41.3888,2.159,2026-06-15 14:00:05
1110,Miami,28.47,Clouds,25.7743,-80.1937,2026-06-15 14:00:05
1111,Lisbon,23.08,Clear,38.7167,-9.1333,2026-06-15 14:30:05
1112,Porto,19.72,Clouds,41.1496,-8.611,2026-06-15 14:30:05
1113,London,20.67,Clouds,51.5085,-0.1257,2026-06-15 14:30:05
1114,Paris,27.67,Clouds,48.8534,2.3488,2026-06-15 14:30:05
1115,Berlin,19.54,Clouds,52.5244,13.4105,2026-06-15 14:30:05
1116,Madrid,28.56,Rain,40.4165,-3.7026,2026-06-15 14:30:05
1117,Rome,20.85,Clouds,34.257,-85.1647,2026-06-15 14:30:05
1118,New York,21.96,Clear,40.7143,-74.006,2026-06-15 14:30:05
1119,Barcelona,29.27,Clear,41.3888,2.159,2026-06-15 14:30:05
1120,Miami,29.5,Clouds,25.7743,-80.1937,2026-06-15 14:30:05
1121,Lisbon,23.87,Clear,38.7167,-9.1333,2026-06-15 15:00:06
1122,Porto,20.12,Clouds,41.1496,-8.611,2026-06-15 15:00:06
1123,London,21.01,Clouds,51.5085,-0.1257,2026-06-15 15:00:07
1124,Paris,27.86,Clouds,48.8534,2.3488,2026-06-15 15:00:07
1125,Berlin,19.32,Clouds,52.5244,13.4105,2026-06-15 15:00:07
1126,Madrid,28.73,Clouds,40.4165,-3.7026,2026-06-15 15:00:07
1127,Rome,21.53,Clouds,34.257,-85.1647,2026-06-15 15:00:07
1128,New York,21.89,Clear,40.7143,-74.006,2026-06-15 15:00:07
1129,Barcelona,28.61,Clear,41.3888,2.159,2026-06-15 15:00:07
1130,Miami,30.37,Clouds,25.7743,-80.1937,2026-06-15 15:00:07
1131,Lisbon,23.8,Clear,38.7167,-9.1333,2026-06-15 15:30:05
1132,Porto,20.4,Clouds,41.1496,-8.611,2026-06-15 15:30:05
1133,London,21.45,Clouds,51.5085,-0.1257,2026-06-15 15:30:05
1134,Paris,28.14,Clouds,48.8534,2.3488,2026-06-15 15:30:05
1135,Berlin,19.91,Clouds,52.5244,13.4105,2026-06-15 15:30:05
1136,Madrid,29.79,Clouds,40.4165,-3.7026,2026-06-15 15:30:05
1137,Rome,22.25,Clouds,34.257,-85.1647,2026-06-15 15:30:05
1138,New York,22.38,Clear,40.7143,-74.006,2026-06-15 15:30:05
1139,Barcelona,28.53,Clear,41.3888,2.159,2026-06-15 15:30:05
1140,Miami,31.18,Rain,25.7743,-80.1937,2026-06-15 15:30:05
1141,Lisbon,23.8,Clear,38.7167,-9.1333,2026-06-15 16:00:05
1142,Porto,19.71,Clouds,41.1496,-8.611,2026-06-15 16:00:05
1143,London,21.51,Clouds,51.5085,-0.1257,2026-06-15 16:00:05
1144,Paris,27.8,Clouds,48.8534,2.3488,2026-06-15 16:00:05
1145,Berlin,19.7,Clouds,52.5244,13.4105,2026-06-15 16:00:06
1146,Madrid,29.72,Clouds,40.4165,-3.7026,2026-06-15 16:00:06
1147,Rome,23.45,Clouds,34.257,-85.1647,2026-06-15 16:00:06
1148,New York,22.71,Clear,40.7143,-74.006,2026-06-15 16:00:06
1149,Barcelona,29.18,Clouds,41.3888,2.159,2026-06-15 16:00:06
1150,Miami,31.72,Clouds,25.7743,-80.1937,2026-06-15 16:00:06
1151,Lisbon,23.8,Clear,38.7167,-9.1333,2026-06-15 16:30:04
1152,Porto,19.91,Clouds,41.1496,-8.611,2026-06-15 16:30:04
1153,London,21.61,Clouds,51.5085,-0.1257,2026-06-15 16:30:04
1154,Paris,28.07,Clouds,48.8534,2.3488,2026-06-15 16:30:04
1155,Berlin,19.42,Clouds,52.5244,13.4105,2026-06-15 16:30:04
1156,Madrid,29.59,Clouds,40.4165,-3.7026,2026-06-15 16:30:04
1157,Rome,23.45,Clouds,34.257,-85.1647,2026-06-15 16:30:04
1158,New York,23.05,Clear,40.7143,-74.006,2026-06-15 16:30:04
1159,Barcelona,28.76,Clouds,41.3888,2.159,2026-06-15 16:30:04
1160,Miami,31.9,Clouds,25.7743,-80.1937,2026-06-15 16:30:04
1161,Lisbon,23.79,Clear,38.7167,-9.1333,2026-06-15 17:00:06
1162,Porto,19.24,Clouds,41.1496,-8.611,2026-06-15 17:00:06
1163,London,22.07,Clouds,51.5085,-0.1257,2026-06-15 17:00:06
1164,Paris,27.96,Clouds,48.8534,2.3488,2026-06-15 17:00:06
1165,Berlin,19.19,Clouds,52.5244,13.4105,2026-06-15 17:00:06
1166,Madrid,30.13,Clouds,40.4165,-3.7026,2026-06-15 17:00:06
1167,Rome,25.11,Clouds,34.257,-85.1647,2026-06-15 17:00:06
1168,New York,23.3,Clear,40.7143,-74.006,2026-06-15 17:00:06
1169,Barcelona,28.77,Clouds,41.3888,2.159,2026-06-15 17:00:06
1170,Miami,33,Clouds,25.7743,-80.1937,2026-06-15 17:00:06
1171,Lisbon,24.12,Clear,38.7167,-9.1333,2026-06-15 17:30:04
1172,Porto,19.24,Clouds,41.1496,-8.611,2026-06-15 17:30:04
1173,London,22,Clouds,51.5085,-0.1257,2026-06-15 17:30:04
1174,Paris,27.77,Clouds,48.8534,2.3488,2026-06-15 17:30:04
1175,Berlin,18.87,Clouds,52.5244,13.4105,2026-06-15 17:30:04
1176,Madrid,29.94,Clouds,40.4165,-3.7026,2026-06-15 17:30:04
1177,Rome,26.22,Clouds,34.257,-85.1647,2026-06-15 17:30:04
1178,New York,23.8,Clear,40.7143,-74.006,2026-06-15 17:30:04
1179,Barcelona,28.26,Clouds,41.3888,2.159,2026-06-15 17:30:04
1180,Miami,33.4,Clouds,25.7743,-80.1937,2026-06-15 17:30:04
1181,Lisbon,23.65,Clear,38.7167,-9.1333,2026-06-15 18:00:01
1182,Porto,18.34,Clouds,41.1496,-8.611,2026-06-15 18:00:02
1183,London,21.79,Clouds,51.5085,-0.1257,2026-06-15 18:00:02
1184,Paris,28.01,Clouds,48.8534,2.3488,2026-06-15 18:00:02
1185,Berlin,18.46,Clouds,52.5244,13.4105,2026-06-15 18:00:02
1186,Madrid,29.55,Clouds,40.4165,-3.7026,2026-06-15 18:00:02
1187,Rome,26.05,Clouds,34.257,-85.1647,2026-06-15 18:00:02
1188,New York,23.77,Clear,40.7143,-74.006,2026-06-15 18:00:02
1189,Barcelona,27.55,Clouds,41.3888,2.159,2026-06-15 18:00:02
1190,Miami,33.6,Clouds,25.7743,-80.1937,2026-06-15 18:00:02
1191,Lisbon,22.58,Clear,38.7167,-9.1333,2026-06-15 18:30:02
1192,Porto,18.39,Clouds,41.1496,-8.611,2026-06-15 18:30:02
1193,London,21.56,Clouds,51.5085,-0.1257,2026-06-15 18:30:02
1194,Paris,27.31,Clouds,48.8534,2.3488,2026-06-15 18:30:02
1195,Berlin,18.08,Clouds,52.5244,13.4105,2026-06-15 18:30:02
1196,Madrid,29.77,Clouds,40.4165,-3.7026,2026-06-15 18:30:02
1197,Rome,26.92,Clouds,34.257,-85.1647,2026-06-15 18:30:02
1198,New York,23.88,Clear,40.7143,-74.006,2026-06-15 18:30:02
1199,Barcelona,27.8,Clouds,41.3888,2.159,2026-06-15 18:30:02
1200,Miami,33.64,Clouds,25.7743,-80.1937,2026-06-15 18:30:03
1201,Lisbon,22.41,Clear,38.7167,-9.1333,2026-06-15 18:55:20
1202,Porto,17.64,Clouds,41.1496,-8.611,2026-06-15 18:55:20
1203,London,21.46,Clouds,51.5085,-0.1257,2026-06-15 18:55:20
1204,Paris,27.03,Rain,48.8534,2.3488,2026-06-15 18:55:20
1205,Berlin,17.78,Clouds,52.5244,13.4105,2026-06-15 18:55:20
1206,Madrid,26.13,Clouds,40.4165,-3.7026,2026-06-15 18:55:20
1207,Rome,26.7,Clouds,34.257,-85.1647,2026-06-15 18:55:20
1208,Barcelona,27.62,Clouds,41.3888,2.159,2026-06-15 18:55:20
1209,Miami,33.22,Clouds,25.7743,-80.1937,2026-06-15 18:55:20
1210,Lisbon,22.12,Clear,38.7167,-9.1333,2026-06-15 19:00:01
1211,Porto,17.64,Clouds,41.1496,-8.611,2026-06-15 19:00:01
1212,London,21.36,Clouds,51.5085,-0.1257,2026-06-15 19:00:01
1213,Paris,26.97,Rain,48.8534,2.3488,2026-06-15 19:00:01
1214,Berlin,17.82,Clouds,52.5244,13.4105,2026-06-15 19:00:02
1215,Madrid,31.06,Clouds,40.4165,-3.7026,2026-06-15 19:00:02
1216,Rome,27.22,Clouds,34.257,-85.1647,2026-06-15 19:00:02
1217,New York,24.28,Clear,40.7143,-74.006,2026-06-15 19:00:02
1218,Barcelona,27.59,Clouds,41.3888,2.159,2026-06-15 19:00:02
1219,Miami,33.31,Clouds,25.7743,-80.1937,2026-06-15 19:00:02
1220,Lisbon,21.82,Clear,38.7167,-9.1333,2026-06-15 19:04:20
1221,Porto,17.64,Clouds,41.1496,-8.611,2026-06-15 19:04:20
1222,London,21.33,Clouds,51.5085,-0.1257,2026-06-15 19:04:20
1223,Paris,26.74,Clouds,48.8534,2.3488,2026-06-15 19:04:20
1224,Berlin,17.82,Clouds,52.5244,13.4105,2026-06-15 19:04:20
1225,Madrid,31.06,Clouds,40.4165,-3.7026,2026-06-15 19:04:20
1226,Rome,27.22,Clouds,34.257,-85.1647,2026-06-15 19:04:20
1227,Barcelona,27.59,Clouds,41.3888,2.159,2026-06-15 19:04:20
1228,Miami,33.31,Clouds,25.7743,-80.1937,2026-06-15 19:04:20
1229,Lisbon,21.34,Clear,38.7167,-9.1333,2026-06-15 19:28:00
1230,Porto,17.7,Clouds,41.1496,-8.611,2026-06-15 19:28:00
1231,London,20.83,Clouds,51.5085,-0.1257,2026-06-15 19:28:00
1232,Paris,26.25,Clouds,48.8534,2.3488,2026-06-15 19:28:00
1233,Berlin,17.48,Clouds,52.5244,13.4105,2026-06-15 19:28:00
1234,Madrid,28.63,Clouds,40.4165,-3.7026,2026-06-15 19:28:00
1235,Rome,27.5,Clouds,34.257,-85.1647,2026-06-15 19:28:00
1236,Barcelona,27.04,Clouds,41.3888,2.159,2026-06-15 19:28:00
1237,Miami,33.62,Clouds,25.7743,-80.1937,2026-06-15 19:28:00
1238,Lisbon,21.34,Clear,38.7167,-9.1333,2026-06-15 19:30:02
1239,Porto,17.7,Clouds,41.1496,-8.611,2026-06-15 19:30:02
1240,London,20.65,Clouds,51.5085,-0.1257,2026-06-15 19:30:02
1241,Paris,26.25,Clouds,48.8534,2.3488,2026-06-15 19:30:02
1242,Berlin,17.29,Rain,52.5244,13.4105,2026-06-15 19:30:02
1243,Madrid,28.68,Clouds,40.4165,-3.7026,2026-06-15 19:30:02
1244,Rome,27.5,Clouds,34.257,-85.1647,2026-06-15 19:30:02
1245,New York,24.43,Clear,40.7143,-74.006,2026-06-15 19:30:02
1246,Barcelona,27.51,Clouds,41.3888,2.159,2026-06-15 19:30:02
1247,Miami,33.22,Clouds,25.7743,-80.1937,2026-06-15 19:30:02
1248,Lisbon,20.44,Clear,38.7167,-9.1333,2026-06-15 20:00:02
1249,Porto,17.32,Clouds,41.1496,-8.611,2026-06-15 20:00:02
1250,London,19.7,Clouds,51.5085,-0.1257,2026-06-15 20:00:02
1251,Paris,25.61,Rain,48.8534,2.3488,2026-06-15 20:00:02
1252,Berlin,16.5,Clear,52.5244,13.4105,2026-06-15 20:00:02
1253,Madrid,26.04,Clouds,40.4165,-3.7026,2026-06-15 20:00:02
1254,Rome,26.77,Clouds,34.257,-85.1647,2026-06-15 20:00:02
1255,New York,24.51,Clear,40.7143,-74.006,2026-06-15 20:00:02
1256,Barcelona,27.37,Clouds,41.3888,2.159,2026-06-15 20:00:02
1257,Miami,33.58,Clouds,25.7743,-80.1937,2026-06-15 20:00:02
1258,Lisbon,19.84,Clear,38.7167,-9.1333,2026-06-15 20:30:02
1259,Porto,17.56,Clouds,41.1496,-8.611,2026-06-15 20:30:02
1260,London,18.91,Clouds,51.5085,-0.1257,2026-06-15 20:30:02
1261,Paris,24.79,Rain,48.8534,2.3488,2026-06-15 20:30:02
1262,Berlin,15.42,Clear,52.5244,13.4105,2026-06-15 20:30:02
1263,Madrid,25.91,Clouds,40.4165,-3.7026,2026-06-15 20:30:02
1264,Rome,27.24,Clouds,34.257,-85.1647,2026-06-15 20:30:02
1265,New York,24.4,Clear,40.7143,-74.006,2026-06-15 20:30:02
1266,Barcelona,26.37,Clouds,41.3888,2.159,2026-06-15 20:30:02
1267,Miami,33.72,Clouds,25.7743,-80.1937,2026-06-15 20:30:02
1268,Lisbon,19.18,Clear,38.7167,-9.1333,2026-06-15 21:00:02
1269,Porto,17.07,Clouds,41.1496,-8.611,2026-06-15 21:00:02
1270,London,17.36,Clouds,51.5085,-0.1257,2026-06-15 21:00:02
1271,Paris,24.38,Rain,48.8534,2.3488,2026-06-15 21:00:02
1272,Berlin,14.59,Clear,52.5244,13.4105,2026-06-15 21:00:02
1273,Madrid,25.12,Clouds,40.4165,-3.7026,2026-06-15 21:00:02
1274,Rome,27.74,Clouds,34.257,-85.1647,2026-06-15 21:00:02
1275,New York,24.8,Clear,40.7143,-74.006,2026-06-15 21:00:02
1276,Barcelona,26.52,Clouds,41.3888,2.159,2026-06-15 21:00:02
1277,Miami,32.95,Clouds,25.7743,-80.1937,2026-06-15 21:00:02
1278,Lisbon,18.62,Clear,38.7167,-9.1333,2026-06-15 21:30:01
1279,Porto,17.08,Clouds,41.1496,-8.611,2026-06-15 21:30:01
1280,London,16.98,Clouds,51.5085,-0.1257,2026-06-15 21:30:01
1281,Paris,23.26,Rain,48.8534,2.3488,2026-06-15 21:30:01
1282,Berlin,13.71,Clear,52.5244,13.4105,2026-06-15 21:30:01
1283,Madrid,24.37,Clouds,40.4165,-3.7026,2026-06-15 21:30:01
1284,Rome,27.69,Clouds,34.257,-85.1647,2026-06-15 21:30:02
1285,New York,24.64,Clear,40.7143,-74.006,2026-06-15 21:30:02
1286,Barcelona,26.3,Clouds,41.3888,2.159,2026-06-15 21:30:02
1287,Miami,33.02,Clouds,25.7743,-80.1937,2026-06-15 21:30:02
1288,Lisbon,18.13,Clear,38.7167,-9.1333,2026-06-15 22:00:02
1289,Porto,16.81,Clouds,41.1496,-8.611,2026-06-15 22:00:02
1290,London,16.58,Clouds,51.5085,-0.1257,2026-06-15 22:00:02
1291,Paris,23.57,Rain,48.8534,2.3488,2026-06-15 22:00:02
1292,Berlin,13.42,Rain,52.5244,13.4105,2026-06-15 22:00:02
1293,Madrid,24.13,Clouds,40.4165,-3.7026,2026-06-15 22:00:02
1294,Rome,27.62,Clouds,34.257,-85.1647,2026-06-15 22:00:02
1295,New York,24.32,Clear,40.7143,-74.006,2026-06-15 22:00:02
1296,Barcelona,25.6,Clouds,41.3888,2.159,2026-06-15 22:00:02
1297,Miami,32.27,Rain,25.7743,-80.1937,2026-06-15 22:00:02
1298,Lisbon,17.74,Clear,38.7167,-9.1333,2026-06-15 22:30:02
1299,Porto,16.95,Clouds,41.1496,-8.611,2026-06-15 22:30:02
1300,London,16.25,Clouds,51.5085,-0.1257,2026-06-15 22:30:02
1301,Paris,21.62,Rain,48.8534,2.3488,2026-06-15 22:30:02
1302,Berlin,12.53,Clear,52.5244,13.4105,2026-06-15 22:30:02
1303,Madrid,23.78,Clouds,40.4165,-3.7026,2026-06-15 22:30:02
1304,Rome,27.16,Clouds,34.257,-85.1647,2026-06-15 22:30:02
1305,New York,24.44,Clear,40.7143,-74.006,2026-06-15 22:30:02
1306,Barcelona,25.93,Clouds,41.3888,2.159,2026-06-15 22:30:03
1307,Miami,31.48,Rain,25.7743,-80.1937,2026-06-15 22:30:03
1308,Lisbon,17.74,Clear,38.7167,-9.1333,2026-06-15 23:00:01
1309,Porto,16.72,Clouds,41.1496,-8.611,2026-06-15 23:00:01
1310,London,15.72,Clouds,51.5085,-0.1257,2026-06-15 23:00:02
1311,Paris,21.62,Clouds,48.8534,2.3488,2026-06-15 23:00:02
1312,Berlin,12.24,Clear,52.5244,13.4105,2026-06-15 23:00:02
1313,Madrid,23.63,Clouds,40.4165,-3.7026,2026-06-15 23:00:02
1314,Rome,26.96,Clouds,34.257,-85.1647,2026-06-15 23:00:02
1315,New York,24.32,Clouds,40.7143,-74.006,2026-06-15 23:00:02
1316,Barcelona,26.14,Clouds,41.3888,2.159,2026-06-15 23:00:02
1317,Miami,31.16,Rain,25.7743,-80.1937,2026-06-15 23:00:02
1318,Lisbon,17.58,Clear,38.7167,-9.1333,2026-06-15 23:30:02
1319,Porto,16.83,Clouds,41.1496,-8.611,2026-06-15 23:30:03
1320,London,15.69,Clouds,51.5085,-0.1257,2026-06-15 23:30:03
1321,Paris,21.39,Clouds,48.8534,2.3488,2026-06-15 23:30:03
1322,Berlin,11.52,Clear,52.5244,13.4105,2026-06-15 23:30:03
1323,Madrid,23.12,Clouds,40.4165,-3.7026,2026-06-15 23:30:03
1324,Rome,26.92,Clouds,34.257,-85.1647,2026-06-15 23:30:03
1325,New York,23.95,Clouds,40.7143,-74.006,2026-06-15 23:30:03
1326,Barcelona,24.74,Clouds,41.3888,2.159,2026-06-15 23:30:03
1327,Miami,31.01,Rain,25.7743,-80.1937,2026-06-15 23:30:03
1328,Lisbon,17.24,Clear,38.7167,-9.1333,2026-06-16 00:00:05
1329,Porto,16.52,Clouds,41.1496,-8.611,2026-06-16 00:00:05
1330,London,15.59,Clouds,51.5085,-0.1257,2026-06-16 00:00:05
1331,Paris,21.39,Rain,48.8534,2.3488,2026-06-16 00:00:05
1332,Berlin,10.83,Clear,52.5244,13.4105,2026-06-16 00:00:06
1333,Madrid,22.76,Clouds,40.4165,-3.7026,2026-06-16 00:00:06
1334,Rome,27.42,Clouds,34.257,-85.1647,2026-06-16 00:00:06
1335,New York,23.18,Clouds,40.7143,-74.006,2026-06-16 00:00:06
1336,Barcelona,25.68,Clouds,41.3888,2.159,2026-06-16 00:00:06
1337,Miami,30.88,Rain,25.7743,-80.1937,2026-06-16 00:00:06
1338,Lisbon,17.09,Clear,38.7167,-9.1333,2026-06-16 00:30:02
1339,Porto,16.59,Clouds,41.1496,-8.611,2026-06-16 00:30:02
1340,London,15.58,Rain,51.5085,-0.1257,2026-06-16 00:30:02
1341,Paris,20.91,Clouds,48.8534,2.3488,2026-06-16 00:30:02
1342,Berlin,11,Clear,52.5244,13.4105,2026-06-16 00:30:02
1343,Madrid,22.53,Clouds,40.4165,-3.7026,2026-06-16 00:30:02
1344,Rome,26.43,Clouds,34.257,-85.1647,2026-06-16 00:30:03
1345,New York,22.85,Clouds,40.7143,-74.006,2026-06-16 00:30:03
1346,Barcelona,25.43,Clouds,41.3888,2.159,2026-06-16 00:30:03
1347,Miami,30.8,Rain,25.7743,-80.1937,2026-06-16 00:30:03
1348,Lisbon,17.02,Clear,38.7167,-9.1333,2026-06-16 01:00:03
1349,Porto,16.31,Clouds,41.1496,-8.611,2026-06-16 01:00:03
1350,London,15.65,Rain,51.5085,-0.1257,2026-06-16 01:00:03
1351,Paris,21.06,Clouds,48.8534,2.3488,2026-06-16 01:00:03
1352,Berlin,9.84,Clear,52.5244,13.4105,2026-06-16 01:00:03
1353,Madrid,22.02,Clouds,40.4165,-3.7026,2026-06-16 01:00:03
1354,Rome,25.1,Clouds,34.257,-85.1647,2026-06-16 01:00:03
1355,New York,21.84,Clouds,40.7143,-74.006,2026-06-16 01:00:03
1356,Barcelona,25.74,Clouds,41.3888,2.159,2026-06-16 01:00:03
1357,Miami,30.35,Rain,25.7743,-80.1937,2026-06-16 01:00:03
1358,Lisbon,16.69,Clear,38.7167,-9.1333,2026-06-16 01:30:03
1359,Porto,16.35,Clouds,41.1496,-8.611,2026-06-16 01:30:03
1360,London,15.41,Clouds,51.5085,-0.1257,2026-06-16 01:30:03
1361,Paris,20.86,Clouds,48.8534,2.3488,2026-06-16 01:30:03
1362,Berlin,9.55,Clear,52.5244,13.4105,2026-06-16 01:30:03
1363,Madrid,21.85,Clouds,40.4165,-3.7026,2026-06-16 01:30:03
1364,Rome,24.19,Clouds,34.257,-85.1647,2026-06-16 01:30:04
1365,New York,21,Clouds,40.7143,-74.006,2026-06-16 01:30:04
1366,Barcelona,24.87,Clouds,41.3888,2.159,2026-06-16 01:30:04
1367,Miami,29.94,Rain,25.7743,-80.1937,2026-06-16 01:30:04
1368,Lisbon,16.69,Clear,38.7167,-9.1333,2026-06-16 02:00:03
1369,Porto,16.2,Clouds,41.1496,-8.611,2026-06-16 02:00:03
1370,London,15.16,Clouds,51.5085,-0.1257,2026-06-16 02:00:03
1371,Paris,20.7,Clouds,48.8534,2.3488,2026-06-16 02:00:03
1372,Berlin,9.59,Clear,52.5244,13.4105,2026-06-16 02:00:03
1373,Madrid,21.41,Clear,40.4165,-3.7026,2026-06-16 02:00:03
1374,Rome,23.42,Clouds,34.257,-85.1647,2026-06-16 02:00:03
1375,New York,20.21,Rain,40.7143,-74.006,2026-06-16 02:00:03
1376,Barcelona,25.52,Clouds,41.3888,2.159,2026-06-16 02:00:03
1377,Miami,29.77,Rain,25.7743,-80.1937,2026-06-16 02:00:03
1378,Lisbon,16.69,Clear,38.7167,-9.1333,2026-06-16 02:30:03
1379,Porto,16.33,Clouds,41.1496,-8.611,2026-06-16 02:30:03
1380,London,14.99,Clouds,51.5085,-0.1257,2026-06-16 02:30:03
1381,Paris,20.38,Rain,48.8534,2.3488,2026-06-16 02:30:03
1382,Berlin,9.65,Clear,52.5244,13.4105,2026-06-16 02:30:03
1383,Madrid,20.89,Clouds,40.4165,-3.7026,2026-06-16 02:30:03
1384,Rome,23.02,Clouds,34.257,-85.1647,2026-06-16 02:30:04
1385,New York,19.62,Clear,40.7143,-74.006,2026-06-16 02:30:04
1386,Barcelona,23.93,Clouds,41.3888,2.159,2026-06-16 02:30:04
1387,Miami,29.46,Rain,25.7743,-80.1937,2026-06-16 02:30:04
1388,Lisbon,16.69,Clear,38.7167,-9.1333,2026-06-16 03:00:04
1389,Porto,16.22,Clear,41.1496,-8.611,2026-06-16 03:00:04
1390,London,15,Rain,51.5085,-0.1257,2026-06-16 03:00:04
1391,Paris,20.33,Clouds,48.8534,2.3488,2026-06-16 03:00:04
1392,Berlin,8.46,Clear,52.5244,13.4105,2026-06-16 03:00:04
1393,Madrid,20.74,Clear,40.4165,-3.7026,2026-06-16 03:00:04
1394,Rome,22.57,Clouds,34.257,-85.1647,2026-06-16 03:00:04
1395,New York,19.36,Clear,40.7143,-74.006,2026-06-16 03:00:04
1396,Barcelona,23.49,Clear,41.3888,2.159,2026-06-16 03:00:04
1397,Miami,29.13,Rain,25.7743,-80.1937,2026-06-16 03:00:04
1398,Lisbon,16.47,Clear,38.7167,-9.1333,2026-06-16 03:30:04
1399,Porto,16.41,Clear,41.1496,-8.611,2026-06-16 03:30:04
1400,London,15.02,Clouds,51.5085,-0.1257,2026-06-16 03:30:04
1401,Paris,20.17,Clouds,48.8534,2.3488,2026-06-16 03:30:04
1402,Berlin,8.76,Clear,52.5244,13.4105,2026-06-16 03:30:04
1403,Madrid,20.85,Clear,40.4165,-3.7026,2026-06-16 03:30:04
1404,Rome,22.24,Clouds,34.257,-85.1647,2026-06-16 03:30:04
1405,New York,18.96,Clear,40.7143,-74.006,2026-06-16 03:30:04
1406,Barcelona,23.77,Clear,41.3888,2.159,2026-06-16 03:30:04
1407,Miami,28.79,Rain,25.7743,-80.1937,2026-06-16 03:30:04
1408,Lisbon,16.47,Clear,38.7167,-9.1333,2026-06-16 04:00:03
1409,Porto,16.24,Clear,41.1496,-8.611,2026-06-16 04:00:03
1410,London,15.02,Clouds,51.5085,-0.1257,2026-06-16 04:00:03
1411,Paris,19.81,Clouds,48.8534,2.3488,2026-06-16 04:00:03
1412,Berlin,8.8,Clear,52.5244,13.4105,2026-06-16 04:00:03
1413,Madrid,20.67,Clear,40.4165,-3.7026,2026-06-16 04:00:03
1414,Rome,22,Clouds,34.257,-85.1647,2026-06-16 04:00:04
1415,New York,18.86,Clear,40.7143,-74.006,2026-06-16 04:00:04
1416,Barcelona,23.56,Clear,41.3888,2.159,2026-06-16 04:00:04
1417,Miami,28.54,Rain,25.7743,-80.1937,2026-06-16 04:00:04
1418,Lisbon,16.62,Clear,38.7167,-9.1333,2026-06-16 04:30:03
1419,Porto,16.41,Clear,41.1496,-8.611,2026-06-16 04:30:04
1420,London,14.92,Clouds,51.5085,-0.1257,2026-06-16 04:30:04
1421,Paris,20.94,Clouds,48.8534,2.3488,2026-06-16 04:30:04
1422,Berlin,9.26,Clear,52.5244,13.4105,2026-06-16 04:30:04
1423,Madrid,20.2,Clear,40.4165,-3.7026,2026-06-16 04:30:04
1424,Rome,21.35,Clouds,34.257,-85.1647,2026-06-16 04:30:04
1425,New York,18.34,Clear,40.7143,-74.006,2026-06-16 04:30:04
1426,Barcelona,24.17,Clear,41.3888,2.159,2026-06-16 04:30:04
1427,Miami,28.17,Rain,25.7743,-80.1937,2026-06-16 04:30:04
1428,Lisbon,16.47,Clear,38.7167,-9.1333,2026-06-16 05:00:04
1429,Porto,16.86,Clear,41.1496,-8.611,2026-06-16 05:00:04
1430,London,14.89,Clouds,51.5085,-0.1257,2026-06-16 05:00:04
1431,Paris,20.83,Clouds,48.8534,2.3488,2026-06-16 05:00:04
1432,Berlin,9.44,Clear,52.5244,13.4105,2026-06-16 05:00:04
1433,Madrid,20,Clear,40.4165,-3.7026,2026-06-16 05:00:04
1434,Rome,21.14,Clouds,34.257,-85.1647,2026-06-16 05:00:04
1435,New York,18.31,Clear,40.7143,-74.006,2026-06-16 05:00:04
1436,Barcelona,23.12,Clear,41.3888,2.159,2026-06-16 05:00:04
1437,Miami,27.46,Clouds,25.7743,-80.1937,2026-06-16 05:00:04
1438,Lisbon,16.47,Clear,38.7167,-9.1333,2026-06-16 05:30:04
1439,Porto,17.18,Clear,41.1496,-8.611,2026-06-16 05:30:04
1440,London,15.21,Clouds,51.5085,-0.1257,2026-06-16 05:30:04
1441,Paris,20.78,Clouds,48.8534,2.3488,2026-06-16 05:30:04
1442,Berlin,9.79,Clear,52.5244,13.4105,2026-06-16 05:30:04
1443,Madrid,20.07,Clear,40.4165,-3.7026,2026-06-16 05:30:04
1444,Rome,20.64,Clouds,34.257,-85.1647,2026-06-16 05:30:04
1445,New York,17.83,Clear,40.7143,-74.006,2026-06-16 05:30:04
1446,Barcelona,23.43,Clear,41.3888,2.159,2026-06-16 05:30:04
1447,Miami,27.47,Clouds,25.7743,-80.1937,2026-06-16 05:30:04
1448,Lisbon,16.47,Clear,38.7167,-9.1333,2026-06-16 06:00:04
1449,Porto,17.16,Clear,41.1496,-8.611,2026-06-16 06:00:04
1450,London,15.67,Clouds,51.5085,-0.1257,2026-06-16 06:00:04
1451,Paris,20.45,Rain,48.8534,2.3488,2026-06-16 06:00:04
1452,Berlin,10.64,Clear,52.5244,13.4105,2026-06-16 06:00:04
1453,Madrid,19.17,Clear,40.4165,-3.7026,2026-06-16 06:00:04
1454,Rome,20.48,Clouds,34.257,-85.1647,2026-06-16 06:00:04
1455,New York,17.65,Clear,40.7143,-74.006,2026-06-16 06:00:04
1456,Barcelona,23.91,Clear,41.3888,2.159,2026-06-16 06:00:04
1457,Miami,26.96,Clouds,25.7743,-80.1937,2026-06-16 06:00:05
1458,Lisbon,16.47,Clear,38.7167,-9.1333,2026-06-16 06:30:04
1459,Porto,17.09,Clear,41.1496,-8.611,2026-06-16 06:30:04
1460,London,15.84,Clouds,51.5085,-0.1257,2026-06-16 06:30:04
1461,Paris,19.73,Clouds,48.8534,2.3488,2026-06-16 06:30:04
1462,Berlin,11.61,Clear,52.5244,13.4105,2026-06-16 06:30:04
1463,Madrid,19.96,Clear,40.4165,-3.7026,2026-06-16 06:30:04
1464,Rome,20.4,Clouds,34.257,-85.1647,2026-06-16 06:30:04
1465,New York,17.21,Clear,40.7143,-74.006,2026-06-16 06:30:04
1466,Barcelona,24.31,Clear,41.3888,2.159,2026-06-16 06:30:04
1467,Miami,26.87,Clouds,25.7743,-80.1937,2026-06-16 06:30:04
1468,Lisbon,16.47,Clear,38.7167,-9.1333,2026-06-16 07:00:04
1469,Porto,17.69,Clear,41.1496,-8.611,2026-06-16 07:00:04
1470,London,15.99,Clouds,51.5085,-0.1257,2026-06-16 07:00:04
1471,Paris,21.25,Clouds,48.8534,2.3488,2026-06-16 07:00:04
1472,Berlin,12.41,Clear,52.5244,13.4105,2026-06-16 07:00:04
1473,Madrid,20.12,Clear,40.4165,-3.7026,2026-06-16 07:00:04
1474,Rome,20.25,Clouds,34.257,-85.1647,2026-06-16 07:00:05
1475,New York,17.19,Clear,40.7143,-74.006,2026-06-16 07:00:05
1476,Barcelona,25.14,Clear,41.3888,2.159,2026-06-16 07:00:05
1477,Miami,26.49,Clouds,25.7743,-80.1937,2026-06-16 07:00:05
1478,Lisbon,16.69,Clear,38.7167,-9.1333,2026-06-16 07:30:02
1479,Porto,17.77,Clear,41.1496,-8.611,2026-06-16 07:30:02
1480,London,16.36,Clouds,51.5085,-0.1257,2026-06-16 07:30:02
1481,Paris,21.79,Clouds,48.8534,2.3488,2026-06-16 07:30:02
1482,Berlin,13.35,Clear,52.5244,13.4105,2026-06-16 07:30:03
1483,Madrid,20.26,Clear,40.4165,-3.7026,2026-06-16 07:30:03
1484,Rome,20,Clouds,34.257,-85.1647,2026-06-16 07:30:03
1485,New York,16.71,Clear,40.7143,-74.006,2026-06-16 07:30:03
1486,Barcelona,25.15,Clear,41.3888,2.159,2026-06-16 07:30:03
1487,Miami,26,Clouds,25.7743,-80.1937,2026-06-16 07:30:03
1488,Lisbon,16.47,Clear,38.7167,-9.1333,2026-06-16 08:00:02
1489,Porto,18.84,Clouds,41.1496,-8.611,2026-06-16 08:00:02
1490,London,16.6,Clouds,51.5085,-0.1257,2026-06-16 08:00:02
1491,Paris,21.93,Clouds,48.8534,2.3488,2026-06-16 08:00:02
1492,Berlin,13.68,Clouds,52.5244,13.4105,2026-06-16 08:00:03
1493,Madrid,21.32,Clear,40.4165,-3.7026,2026-06-16 08:00:03
1494,Rome,19.83,Clouds,34.257,-85.1647,2026-06-16 08:00:04
1495,New York,16.29,Clear,40.7143,-74.006,2026-06-16 08:00:04
1496,Barcelona,25.96,Clear,41.3888,2.159,2026-06-16 08:00:04
1497,Miami,26.04,Clouds,25.7743,-80.1937,2026-06-16 08:00:04
1498,Lisbon,17.58,Clear,38.7167,-9.1333,2026-06-16 08:30:03
1499,Porto,19.02,Clouds,41.1496,-8.611,2026-06-16 08:30:03
1500,London,16.84,Clouds,51.5085,-0.1257,2026-06-16 08:30:03
1501,Paris,22.75,Clouds,48.8534,2.3488,2026-06-16 08:30:03
1502,Berlin,14.17,Clouds,52.5244,13.4105,2026-06-16 08:30:03
1503,Madrid,22.14,Clear,40.4165,-3.7026,2026-06-16 08:30:03
1504,Rome,19.82,Clouds,34.257,-85.1647,2026-06-16 08:30:03
1505,New York,16.16,Clear,40.7143,-74.006,2026-06-16 08:30:03
1506,Barcelona,26.65,Clear,41.3888,2.159,2026-06-16 08:30:03
1507,Miami,26.04,Clouds,25.7743,-80.1937,2026-06-16 08:30:04
1508,Lisbon,18.13,Clear,38.7167,-9.1333,2026-06-16 09:00:05
1509,Porto,20.27,Clouds,41.1496,-8.611,2026-06-16 09:00:05
1510,London,17.56,Clouds,51.5085,-0.1257,2026-06-16 09:00:05
1511,Paris,23.34,Clouds,48.8534,2.3488,2026-06-16 09:00:05
1512,Berlin,14.67,Clouds,52.5244,13.4105,2026-06-16 09:00:05
1513,Madrid,23.57,Clouds,40.4165,-3.7026,2026-06-16 09:00:05
1514,Rome,19.51,Clouds,34.257,-85.1647,2026-06-16 09:00:05
1515,New York,15.76,Clear,40.7143,-74.006,2026-06-16 09:00:05
1516,Barcelona,28.24,Clear,41.3888,2.159,2026-06-16 09:00:05
1517,Miami,25.87,Clouds,25.7743,-80.1937,2026-06-16 09:00:05
1518,Lisbon,18.6,Clear,38.7167,-9.1333,2026-06-16 09:30:04
1519,Porto,21.24,Clear,41.1496,-8.611,2026-06-16 09:30:05
1520,London,18.19,Clouds,51.5085,-0.1257,2026-06-16 09:30:05
1521,Paris,23.81,Clouds,48.8534,2.3488,2026-06-16 09:30:05
1522,Berlin,15.46,Clouds,52.5244,13.4105,2026-06-16 09:30:05
1523,Madrid,24.25,Clouds,40.4165,-3.7026,2026-06-16 09:30:05
1524,Rome,19.51,Clouds,34.257,-85.1647,2026-06-16 09:30:05
1525,New York,15.41,Clear,40.7143,-74.006,2026-06-16 09:30:05
1526,Barcelona,28.9,Clear,41.3888,2.159,2026-06-16 09:30:05
1527,Miami,25.5,Clouds,25.7743,-80.1937,2026-06-16 09:30:05
1528,Lisbon,20.41,Clear,38.7167,-9.1333,2026-06-16 10:00:03
1529,Porto,21.57,Clear,41.1496,-8.611,2026-06-16 10:00:03
1530,London,18.98,Clouds,51.5085,-0.1257,2026-06-16 10:00:03
1531,Paris,25.9,Clouds,48.8534,2.3488,2026-06-16 10:00:03
1532,Berlin,16.87,Clouds,52.5244,13.4105,2026-06-16 10:00:03
1533,Madrid,25.39,Clouds,40.4165,-3.7026,2026-06-16 10:00:04
1534,Rome,19.26,Clouds,34.257,-85.1647,2026-06-16 10:00:04
1535,New York,15.16,Clear,40.7143,-74.006,2026-06-16 10:00:04
1536,Barcelona,29.67,Clear,41.3888,2.159,2026-06-16 10:00:04
1537,Miami,25.5,Clouds,25.7743,-80.1937,2026-06-16 10:00:04
1538,Lisbon,21.64,Clear,38.7167,-9.1333,2026-06-16 10:30:03
1539,Porto,22.12,Clear,41.1496,-8.611,2026-06-16 10:30:03
1540,London,20.09,Clouds,51.5085,-0.1257,2026-06-16 10:30:04
1541,Paris,25.91,Clouds,48.8534,2.3488,2026-06-16 10:30:04
1542,Berlin,16.89,Clouds,52.5244,13.4105,2026-06-16 10:30:04
1543,Madrid,26.48,Clouds,40.4165,-3.7026,2026-06-16 10:30:04
1544,Rome,18.99,Clouds,34.257,-85.1647,2026-06-16 10:30:04
1545,New York,15.06,Clear,40.7143,-74.006,2026-06-16 10:30:04
1546,Barcelona,30.23,Clear,41.3888,2.159,2026-06-16 10:30:04
1547,Miami,25.67,Clouds,25.7743,-80.1937,2026-06-16 10:30:04
1548,Lisbon,22.66,Clear,38.7167,-9.1333,2026-06-16 11:00:05
1549,Porto,21.99,Clear,41.1496,-8.611,2026-06-16 11:00:05
1550,London,21.05,Clouds,51.5085,-0.1257,2026-06-16 11:00:05
1551,Paris,26.91,Clouds,48.8534,2.3488,2026-06-16 11:00:05
1552,Berlin,18.16,Clouds,52.5244,13.4105,2026-06-16 11:00:05
1553,Madrid,26.91,Clouds,40.4165,-3.7026,2026-06-16 11:00:05
1554,Rome,18.96,Clouds,34.257,-85.1647,2026-06-16 11:00:05
1555,New York,14.99,Clear,40.7143,-74.006,2026-06-16 11:00:06
1556,Barcelona,30.59,Clear,41.3888,2.159,2026-06-16 11:00:06
1557,Miami,25.57,Clouds,25.7743,-80.1937,2026-06-16 11:00:06
1558,Lisbon,23.09,Clear,38.7167,-9.1333,2026-06-16 11:30:05
1559,Porto,22.65,Clear,41.1496,-8.611,2026-06-16 11:30:05
1560,London,21.41,Clouds,51.5085,-0.1257,2026-06-16 11:30:05
1561,Paris,27.88,Clouds,48.8534,2.3488,2026-06-16 11:30:05
1562,Berlin,18.73,Rain,52.5244,13.4105,2026-06-16 11:30:05
1563,Madrid,27.26,Clouds,40.4165,-3.7026,2026-06-16 11:30:05
1564,Rome,18.96,Clouds,34.257,-85.1647,2026-06-16 11:30:06
1565,New York,14.98,Clear,40.7143,-74.006,2026-06-16 11:30:06
1566,Barcelona,31.14,Clear,41.3888,2.159,2026-06-16 11:30:06
1567,Miami,25.52,Clouds,25.7743,-80.1937,2026-06-16 11:30:06
1568,Lisbon,22.72,Clear,38.7167,-9.1333,2026-06-16 11:36:38
1569,Porto,22.65,Clear,41.1496,-8.611,2026-06-16 11:36:38
1570,London,22.28,Clouds,51.5085,-0.1257,2026-06-16 11:36:38
1571,Paris,28.59,Clouds,48.8534,2.3488,2026-06-16 11:36:39
1572,Berlin,19.09,Rain,52.5244,13.4105,2026-06-16 11:36:39
1573,Madrid,27.42,Clouds,40.4165,-3.7026,2026-06-16 11:36:39
1574,Rome,18.95,Clouds,34.257,-85.1647,2026-06-16 11:36:39
1575,Barcelona,31.14,Clear,41.3888,2.159,2026-06-16 11:36:39
1576,Miami,25.52,Clouds,25.7743,-80.1937,2026-06-16 11:36:39
1577,Lisbon,22.72,Clear,38.7167,-9.1333,2026-06-16 11:36:44
1578,Porto,22.65,Clear,41.1496,-8.611,2026-06-16 11:36:44
1579,London,22.28,Clouds,51.5085,-0.1257,2026-06-16 11:36:44
1580,Paris,28.59,Clouds,48.8534,2.3488,2026-06-16 11:36:44
1581,Berlin,19.09,Rain,52.5244,13.4105,2026-06-16 11:36:44
1582,Madrid,27.42,Clouds,40.4165,-3.7026,2026-06-16 11:36:44
1583,Rome,18.95,Clouds,34.257,-85.1647,2026-06-16 11:36:44
1584,Barcelona,31.14,Clear,41.3888,2.159,2026-06-16 11:36:44
1585,Miami,25.52,Clouds,25.7743,-80.1937,2026-06-16 11:36:44
1586,Lisbon,22.72,Clear,38.7167,-9.1333,2026-06-16 11:36:49
1587,Porto,22.65,Clear,41.1496,-8.611,2026-06-16 11:36:49
1588,London,22.28,Clouds,51.5085,-0.1257,2026-06-16 11:36:49
1589,Paris,28.59,Clouds,48.8534,2.3488,2026-06-16 11:36:49
1590,Berlin,19.09,Rain,52.5244,13.4105,2026-06-16 11:36:49
1591,Madrid,27.42,Clouds,40.4165,-3.7026,2026-06-16 11:36:49
1592,Rome,18.95,Clouds,34.257,-85.1647,2026-06-16 11:36:49
1593,Barcelona,31.14,Clear,41.3888,2.159,2026-06-16 11:36:49
1594,Miami,25.52,Clouds,25.7743,-80.1937,2026-06-16 11:36:49
1595,Lisbon,22.72,Clear,38.7167,-9.1333,2026-06-16 11:36:50
1596,Porto,22.65,Clear,41.1496,-8.611,2026-06-16 11:36:50
1597,London,22.28,Clouds,51.5085,-0.1257,2026-06-16 11:36:50
1598,Paris,28.59,Clouds,48.8534,2.3488,2026-06-16 11:36:50
1599,Berlin,19.09,Rain,52.5244,13.4105,2026-06-16 11:36:51
1600,Madrid,27.42,Clouds,40.4165,-3.7026,2026-06-16 11:36:51
1601,Rome,18.95,Clouds,34.257,-85.1647,2026-06-16 11:36:51
1602,Barcelona,31.14,Clear,41.3888,2.159,2026-06-16 11:36:51
1603,Miami,25.52,Clouds,25.7743,-80.1937,2026-06-16 11:36:51
1604,Lisbon,23.61,Clear,38.7167,-9.1333,2026-06-16 12:00:05
1605,Porto,23.23,Clear,41.1496,-8.611,2026-06-16 12:00:05
1606,London,22.57,Clouds,51.5085,-0.1257,2026-06-16 12:00:06
1607,Paris,29.42,Clouds,48.8534,2.3488,2026-06-16 12:00:06
1608,Berlin,19.34,Clouds,52.5244,13.4105,2026-06-16 12:00:06
1609,Madrid,28.16,Clouds,40.4165,-3.7026,2026-06-16 12:00:06
1610,Rome,19.05,Clouds,34.257,-85.1647,2026-06-16 12:00:06
1611,New York,15.2,Clear,40.7143,-74.006,2026-06-16 12:00:06
1612,Barcelona,31.05,Clear,41.3888,2.159,2026-06-16 12:00:06
1613,Miami,25.73,Clouds,25.7743,-80.1937,2026-06-16 12:00:06
1614,Lisbon,23.86,Clear,38.7167,-9.1333,2026-06-16 12:30:05
1615,Porto,23.68,Clear,41.1496,-8.611,2026-06-16 12:30:05
1616,London,23.9,Clouds,51.5085,-0.1257,2026-06-16 12:30:05
1617,Paris,29.37,Clouds,48.8534,2.3488,2026-06-16 12:30:05
1618,Berlin,21.01,Clouds,52.5244,13.4105,2026-06-16 12:30:05
1619,Madrid,28.92,Clouds,40.4165,-3.7026,2026-06-16 12:30:06
1620,Rome,19.26,Clouds,34.257,-85.1647,2026-06-16 12:30:06
1621,New York,15.8,Clear,40.7143,-74.006,2026-06-16 12:30:06
1622,Barcelona,30.7,Clear,41.3888,2.159,2026-06-16 12:30:06
1623,Miami,25.87,Clouds,25.7743,-80.1937,2026-06-16 12:30:06
1624,Lisbon,23.86,Clear,38.7167,-9.1333,2026-06-16 13:00:04
1625,Porto,23.74,Clouds,41.1496,-8.611,2026-06-16 13:00:04
1626,London,24.23,Clouds,51.5085,-0.1257,2026-06-16 13:00:04
1627,Paris,29.82,Clouds,48.8534,2.3488,2026-06-16 13:00:04
1628,Berlin,20.93,Rain,52.5244,13.4105,2026-06-16 13:00:04
1629,Madrid,29.71,Clouds,40.4165,-3.7026,2026-06-16 13:00:04
1630,Rome,19.28,Clouds,34.257,-85.1647,2026-06-16 13:00:04
1631,New York,16.42,Clear,40.7143,-74.006,2026-06-16 13:00:04
1632,Barcelona,30.77,Clear,41.3888,2.159,2026-06-16 13:00:04
1633,Miami,27.1,Clouds,25.7743,-80.1937,2026-06-16 13:00:04
1634,Lisbon,24.67,Clear,38.7167,-9.1333,2026-06-16 13:30:05
1635,Porto,24.35,Clouds,41.1496,-8.611,2026-06-16 13:30:05
1636,London,25.29,Clouds,51.5085,-0.1257,2026-06-16 13:30:05
1637,Paris,29.69,Clouds,48.8534,2.3488,2026-06-16 13:30:05
1638,Berlin,21.71,Clouds,52.5244,13.4105,2026-06-16 13:30:05
1639,Madrid,29.96,Clouds,40.4165,-3.7026,2026-06-16 13:30:05
1640,Rome,20.06,Clouds,34.257,-85.1647,2026-06-16 13:30:05
1641,New York,17.46,Clear,40.7143,-74.006,2026-06-16 13:30:05
1642,Barcelona,30.77,Clear,41.3888,2.159,2026-06-16 13:30:05
1643,Miami,28.43,Clouds,25.7743,-80.1937,2026-06-16 13:30:05
1644,Lisbon,25.53,Clear,38.7167,-9.1333,2026-06-16 14:00:06
1645,Porto,25.16,Clouds,41.1496,-8.611,2026-06-16 14:00:06
1646,London,24.91,Clouds,51.5085,-0.1257,2026-06-16 14:00:06
1647,Paris,29.98,Clouds,48.8534,2.3488,2026-06-16 14:00:06
1648,Berlin,21.73,Clouds,52.5244,13.4105,2026-06-16 14:00:06
1649,Madrid,30.77,Clouds,40.4165,-3.7026,2026-06-16 14:00:06
1650,Rome,20.68,Rain,34.257,-85.1647,2026-06-16 14:00:06
1651,New York,18.13,Clear,40.7143,-74.006,2026-06-16 14:00:06
1652,Barcelona,30.82,Clear,41.3888,2.159,2026-06-16 14:00:06
1653,Miami,29.21,Clouds,25.7743,-80.1937,2026-06-16 14:00:06
1654,Lisbon,27.24,Clear,38.7167,-9.1333,2026-06-16 14:30:05
1655,Porto,25.44,Clouds,41.1496,-8.611,2026-06-16 14:30:05
1656,London,25.88,Clouds,51.5085,-0.1257,2026-06-16 14:30:05
1657,Paris,29.78,Clouds,48.8534,2.3488,2026-06-16 14:30:05
1658,Berlin,22.64,Clouds,52.5244,13.4105,2026-06-16 14:30:05
1659,Madrid,30.86,Clouds,40.4165,-3.7026,2026-06-16 14:30:05
1660,Rome,20.94,Rain,34.257,-85.1647,2026-06-16 14:30:05
1661,New York,18.96,Clear,40.7143,-74.006,2026-06-16 14:30:05
1662,Barcelona,30.47,Clear,41.3888,2.159,2026-06-16 14:30:05
1663,Miami,30.23,Clouds,25.7743,-80.1937,2026-06-16 14:30:05
1664,Lisbon,26.32,Clouds,38.7167,-9.1333,2026-06-16 15:00:06
1665,Porto,26.19,Clouds,41.1496,-8.611,2026-06-16 15:00:06
1666,London,26.24,Clouds,51.5085,-0.1257,2026-06-16 15:00:06
1667,Paris,29.9,Clouds,48.8534,2.3488,2026-06-16 15:00:06
1668,Berlin,22.94,Clouds,52.5244,13.4105,2026-06-16 15:00:06
1669,Madrid,31.16,Clouds,40.4165,-3.7026,2026-06-16 15:00:06
1670,Rome,21.39,Clouds,34.257,-85.1647,2026-06-16 15:00:06
1671,New York,20.14,Clear,40.7143,-74.006,2026-06-16 15:00:06
1672,Barcelona,29.94,Clouds,41.3888,2.159,2026-06-16 15:00:06
1673,Miami,31.34,Clouds,25.7743,-80.1937,2026-06-16 15:00:06
1674,Lisbon,26.61,Clouds,38.7167,-9.1333,2026-06-16 15:30:05
1675,Porto,26.42,Clouds,41.1496,-8.611,2026-06-16 15:30:05
1676,London,26.4,Clouds,51.5085,-0.1257,2026-06-16 15:30:05
1677,Paris,28.27,Clouds,48.8534,2.3488,2026-06-16 15:30:05
1678,Berlin,23,Clouds,52.5244,13.4105,2026-06-16 15:30:06
1679,Madrid,31.38,Clouds,40.4165,-3.7026,2026-06-16 15:30:06
1680,Rome,22.26,Clouds,34.257,-85.1647,2026-06-16 15:30:06
1681,New York,20.87,Clear,40.7143,-74.006,2026-06-16 15:30:06
1682,Barcelona,29.97,Clouds,41.3888,2.159,2026-06-16 15:30:06
1683,Miami,31.53,Clouds,25.7743,-80.1937,2026-06-16 15:30:06
1684,Lisbon,26.19,Clouds,38.7167,-9.1333,2026-06-16 16:00:05
1685,Porto,26.71,Clouds,41.1496,-8.611,2026-06-16 16:00:05
1686,London,26.37,Clouds,51.5085,-0.1257,2026-06-16 16:00:05
1687,Paris,28.32,Clouds,48.8534,2.3488,2026-06-16 16:00:05
1688,Berlin,22.48,Clouds,52.5244,13.4105,2026-06-16 16:00:05
1689,Madrid,31.61,Clouds,40.4165,-3.7026,2026-06-16 16:00:05
1690,Rome,22.06,Clouds,34.257,-85.1647,2026-06-16 16:00:05
1691,New York,21.7,Clear,40.7143,-74.006,2026-06-16 16:00:05
1692,Barcelona,29.46,Clouds,41.3888,2.159,2026-06-16 16:00:05
1693,Miami,32.79,Clouds,25.7743,-80.1937,2026-06-16 16:00:05
1694,Lisbon,25.89,Clouds,38.7167,-9.1333,2026-06-16 16:30:05
1695,Porto,26.87,Clouds,41.1496,-8.611,2026-06-16 16:30:05
1696,London,26.53,Clouds,51.5085,-0.1257,2026-06-16 16:30:05
1697,Paris,28,Clouds,48.8534,2.3488,2026-06-16 16:30:05
1698,Berlin,23.07,Clouds,52.5244,13.4105,2026-06-16 16:30:05
1699,Madrid,31.53,Clouds,40.4165,-3.7026,2026-06-16 16:30:05
1700,Rome,22.4,Clouds,34.257,-85.1647,2026-06-16 16:30:05
1701,New York,22.07,Clear,40.7143,-74.006,2026-06-16 16:30:05
1702,Barcelona,29.25,Clouds,41.3888,2.159,2026-06-16 16:30:05
1703,Miami,32.97,Clouds,25.7743,-80.1937,2026-06-16 16:30:06
1704,Lisbon,25.53,Clouds,38.7167,-9.1333,2026-06-16 17:00:05
1705,Porto,26.66,Clouds,41.1496,-8.611,2026-06-16 17:00:05
1706,London,26.68,Clouds,51.5085,-0.1257,2026-06-16 17:00:05
1707,Paris,28.33,Clouds,48.8534,2.3488,2026-06-16 17:00:05
1708,Berlin,22.67,Clouds,52.5244,13.4105,2026-06-16 17:00:05
1709,Madrid,31.62,Clouds,40.4165,-3.7026,2026-06-16 17:00:05
1710,Rome,22.62,Clouds,34.257,-85.1647,2026-06-16 17:00:05
1711,New York,22.87,Clear,40.7143,-74.006,2026-06-16 17:00:06
1712,Barcelona,28.55,Clouds,41.3888,2.159,2026-06-16 17:00:06
1713,Miami,33.16,Clouds,25.7743,-80.1937,2026-06-16 17:00:06
1714,Lisbon,25.01,Clouds,38.7167,-9.1333,2026-06-16 17:30:05
1715,Porto,26.76,Clouds,41.1496,-8.611,2026-06-16 17:30:05
1716,London,26.11,Clouds,51.5085,-0.1257,2026-06-16 17:30:05
1717,Paris,28.21,Clouds,48.8534,2.3488,2026-06-16 17:30:05
1718,Berlin,22.43,Clouds,52.5244,13.4105,2026-06-16 17:30:05
1719,Madrid,31.72,Clouds,40.4165,-3.7026,2026-06-16 17:30:05
1720,Rome,23.15,Clouds,34.257,-85.1647,2026-06-16 17:30:05
1721,New York,22.96,Clear,40.7143,-74.006,2026-06-16 17:30:05
1722,Barcelona,28.02,Clouds,41.3888,2.159,2026-06-16 17:30:05
1723,Miami,33.29,Clouds,25.7743,-80.1937,2026-06-16 17:30:05
1724,Lisbon,24.88,Clouds,38.7167,-9.1333,2026-06-16 18:00:06
1725,Porto,25.94,Clouds,41.1496,-8.611,2026-06-16 18:00:06
1726,London,25.54,Clouds,51.5085,-0.1257,2026-06-16 18:00:06
1727,Paris,28.16,Clouds,48.8534,2.3488,2026-06-16 18:00:06
1728,Berlin,21.74,Clouds,52.5244,13.4105,2026-06-16 18:00:06
1729,Madrid,31.46,Clouds,40.4165,-3.7026,2026-06-16 18:00:06
1730,Rome,23.68,Clouds,34.257,-85.1647,2026-06-16 18:00:06
1731,New York,23.65,Clear,40.7143,-74.006,2026-06-16 18:00:06
1732,Barcelona,27.99,Clouds,41.3888,2.159,2026-06-16 18:00:06
1733,Miami,33.8,Clouds,25.7743,-80.1937,2026-06-16 18:00:06
1734,Lisbon,24.08,Clouds,38.7167,-9.1333,2026-06-16 18:30:05
1735,Porto,26.13,Clouds,41.1496,-8.611,2026-06-16 18:30:05
1736,London,24.63,Clouds,51.5085,-0.1257,2026-06-16 18:30:05
1737,Paris,27.86,Clouds,48.8534,2.3488,2026-06-16 18:30:05
1738,Berlin,21.74,Clouds,52.5244,13.4105,2026-06-16 18:30:06
1739,Madrid,32.1,Clouds,40.4165,-3.7026,2026-06-16 18:30:06
1740,Rome,23.89,Clouds,34.257,-85.1647,2026-06-16 18:30:06
1741,New York,23.89,Clear,40.7143,-74.006,2026-06-16 18:30:06
1742,Barcelona,27.46,Clouds,41.3888,2.159,2026-06-16 18:30:06
1743,Miami,34.12,Clouds,25.7743,-80.1937,2026-06-16 18:30:06
1744,Lisbon,24.23,Clouds,38.7167,-9.1333,2026-06-16 19:00:06
1745,Porto,25.29,Clouds,41.1496,-8.611,2026-06-16 19:00:06
1746,London,23.73,Clouds,51.5085,-0.1257,2026-06-16 19:00:06
1747,Paris,27.28,Clouds,48.8534,2.3488,2026-06-16 19:00:06
1748,Berlin,21.45,Clouds,52.5244,13.4105,2026-06-16 19:00:06
1749,Madrid,31.65,Clouds,40.4165,-3.7026,2026-06-16 19:00:06
1750,Rome,23.75,Clouds,34.257,-85.1647,2026-06-16 19:00:06
1751,New York,24.27,Clear,40.7143,-74.006,2026-06-16 19:00:06
1752,Barcelona,27.03,Clouds,41.3888,2.159,2026-06-16 19:00:06
1753,Miami,33.77,Clouds,25.7743,-80.1937,2026-06-16 19:00:06
1754,Lisbon,23.32,Clouds,38.7167,-9.1333,2026-06-16 19:30:01
1755,Porto,25.18,Clouds,41.1496,-8.611,2026-06-16 19:30:01
1756,London,22.93,Clouds,51.5085,-0.1257,2026-06-16 19:30:01
1757,Paris,26.72,Clouds,48.8534,2.3488,2026-06-16 19:30:02
1758,Berlin,21.07,Clouds,52.5244,13.4105,2026-06-16 19:30:02
1759,Madrid,31.38,Clouds,40.4165,-3.7026,2026-06-16 19:30:02
1760,Rome,23.89,Clouds,34.257,-85.1647,2026-06-16 19:30:02
1761,New York,24.73,Clear,40.7143,-74.006,2026-06-16 19:30:02
1762,Barcelona,26.82,Clouds,41.3888,2.159,2026-06-16 19:30:02
1763,Miami,33.97,Clouds,25.7743,-80.1937,2026-06-16 19:30:02
1764,Lisbon,22.85,Clear,38.7167,-9.1333,2026-06-16 20:00:01
1765,Porto,23.44,Clouds,41.1496,-8.611,2026-06-16 20:00:01
1766,London,22.31,Clouds,51.5085,-0.1257,2026-06-16 20:00:01
1767,Paris,25.9,Clouds,48.8534,2.3488,2026-06-16 20:00:01
1768,Berlin,20.03,Clouds,52.5244,13.4105,2026-06-16 20:00:01
1769,Madrid,30.89,Clouds,40.4165,-3.7026,2026-06-16 20:00:01
1770,Rome,23.43,Clouds,34.257,-85.1647,2026-06-16 20:00:01
1771,New York,24.87,Clear,40.7143,-74.006,2026-06-16 20:00:01
1772,Barcelona,26.52,Clouds,41.3888,2.159,2026-06-16 20:00:01
1773,Miami,33.42,Clouds,25.7743,-80.1937,2026-06-16 20:00:01
1774,Lisbon,22.01,Clear,38.7167,-9.1333,2026-06-16 20:30:02
1775,Porto,23.27,Clouds,41.1496,-8.611,2026-06-16 20:30:02
1776,London,21.25,Clouds,51.5085,-0.1257,2026-06-16 20:30:02
1777,Paris,25.17,Clouds,48.8534,2.3488,2026-06-16 20:30:02
1778,Berlin,19.46,Clouds,52.5244,13.4105,2026-06-16 20:30:02
1779,Madrid,29.21,Clouds,40.4165,-3.7026,2026-06-16 20:30:02
1780,Rome,23.63,Clouds,34.257,-85.1647,2026-06-16 20:30:02
1781,New York,25.16,Clear,40.7143,-74.006,2026-06-16 20:30:02
1782,Barcelona,26.43,Clouds,41.3888,2.159,2026-06-16 20:30:02
1783,Miami,33.25,Clouds,25.7743,-80.1937,2026-06-16 20:30:02
1784,Lisbon,20.78,Clear,38.7167,-9.1333,2026-06-16 21:00:02
1785,Porto,21.81,Clouds,41.1496,-8.611,2026-06-16 21:00:02
1786,London,20.81,Clouds,51.5085,-0.1257,2026-06-16 21:00:02
1787,Paris,24.57,Clouds,48.8534,2.3488,2026-06-16 21:00:02
1788,Berlin,17.78,Clouds,52.5244,13.4105,2026-06-16 21:00:02
1789,Madrid,28.63,Clouds,40.4165,-3.7026,2026-06-16 21:00:02
1790,Rome,23.54,Clouds,34.257,-85.1647,2026-06-16 21:00:02
1791,New York,25.51,Clear,40.7143,-74.006,2026-06-16 21:00:02
1792,Barcelona,24.83,Clouds,41.3888,2.159,2026-06-16 21:00:02
1793,Miami,33.11,Clouds,25.7743,-80.1937,2026-06-16 21:00:02
1794,Lisbon,20.56,Clear,38.7167,-9.1333,2026-06-16 21:30:01
1795,Porto,21.63,Clouds,41.1496,-8.611,2026-06-16 21:30:01
1796,London,20.47,Clouds,51.5085,-0.1257,2026-06-16 21:30:02
1797,Paris,23.46,Clouds,48.8534,2.3488,2026-06-16 21:30:02
1798,Berlin,17.28,Clouds,52.5244,13.4105,2026-06-16 21:30:02
1799,Madrid,28.23,Clouds,40.4165,-3.7026,2026-06-16 21:30:02
1800,Rome,23.22,Clouds,34.257,-85.1647,2026-06-16 21:30:02
1801,New York,25.44,Clear,40.7143,-74.006,2026-06-16 21:30:02
1802,Barcelona,25.09,Clouds,41.3888,2.159,2026-06-16 21:30:02
1803,Miami,32.88,Clouds,25.7743,-80.1937,2026-06-16 21:30:02
1804,Lisbon,20.07,Clear,38.7167,-9.1333,2026-06-16 22:00:01
1805,Porto,20.41,Clouds,41.1496,-8.611,2026-06-16 22:00:01
1806,London,19.58,Clouds,51.5085,-0.1257,2026-06-16 22:00:01
1807,Paris,23.42,Clouds,48.8534,2.3488,2026-06-16 22:00:01
1808,Berlin,15.52,Clouds,52.5244,13.4105,2026-06-16 22:00:01
1809,Madrid,28,Clouds,40.4165,-3.7026,2026-06-16 22:00:01
1810,Rome,23.31,Clouds,34.257,-85.1647,2026-06-16 22:00:01
1811,New York,24.96,Clouds,40.7143,-74.006,2026-06-16 22:00:01
1812,Barcelona,24.68,Clouds,41.3888,2.159,2026-06-16 22:00:01
1813,Miami,32.63,Clouds,25.7743,-80.1937,2026-06-16 22:00:01
1814,Lisbon,19.67,Clear,38.7167,-9.1333,2026-06-16 22:30:02
1815,Porto,20.35,Clouds,41.1496,-8.611,2026-06-16 22:30:02
1816,London,19.61,Clouds,51.5085,-0.1257,2026-06-16 22:30:02
1817,Paris,22.83,Clouds,48.8534,2.3488,2026-06-16 22:30:02
1818,Berlin,15.35,Clouds,52.5244,13.4105,2026-06-16 22:30:02
1819,Madrid,27.82,Clouds,40.4165,-3.7026,2026-06-16 22:30:02
1820,Rome,23.38,Rain,34.257,-85.1647,2026-06-16 22:30:02
1821,New York,24.42,Clouds,40.7143,-74.006,2026-06-16 22:30:02
1822,Barcelona,24.68,Clouds,41.3888,2.159,2026-06-16 22:30:02
1823,Miami,32.65,Clouds,25.7743,-80.1937,2026-06-16 22:30:02
1824,Lisbon,19.28,Clear,38.7167,-9.1333,2026-06-16 23:00:01
1825,Porto,19.57,Clouds,41.1496,-8.611,2026-06-16 23:00:01
1826,London,19.02,Clouds,51.5085,-0.1257,2026-06-16 23:00:01
1827,Paris,22.31,Clouds,48.8534,2.3488,2026-06-16 23:00:01
1828,Berlin,14.76,Clouds,52.5244,13.4105,2026-06-16 23:00:01
1829,Madrid,27.22,Clouds,40.4165,-3.7026,2026-06-16 23:00:01
1830,Rome,23.26,Rain,34.257,-85.1647,2026-06-16 23:00:01
1831,New York,23.9,Clouds,40.7143,-74.006,2026-06-16 23:00:01
1832,Barcelona,24.42,Clouds,41.3888,2.159,2026-06-16 23:00:02
1833,Miami,32,Clouds,25.7743,-80.1937,2026-06-16 23:00:02
1834,Lisbon,19.28,Clear,38.7167,-9.1333,2026-06-16 23:30:02
1835,Porto,19.44,Clouds,41.1496,-8.611,2026-06-16 23:30:02
1836,London,18.64,Clouds,51.5085,-0.1257,2026-06-16 23:30:02
1837,Paris,21.76,Clouds,48.8534,2.3488,2026-06-16 23:30:02
1838,Berlin,13.75,Clouds,52.5244,13.4105,2026-06-16 23:30:02
1839,Madrid,26.39,Clouds,40.4165,-3.7026,2026-06-16 23:30:02
1840,Rome,22.82,Rain,34.257,-85.1647,2026-06-16 23:30:02
1841,New York,22.99,Clouds,40.7143,-74.006,2026-06-16 23:30:02
1842,Barcelona,24.08,Clouds,41.3888,2.159,2026-06-16 23:30:02
1843,Miami,31.79,Clouds,25.7743,-80.1937,2026-06-16 23:30:02
1844,Lisbon,19.18,Clear,38.7167,-9.1333,2026-06-17 00:00:02
1845,Porto,18.98,Clouds,41.1496,-8.611,2026-06-17 00:00:02
1846,London,18.15,Clouds,51.5085,-0.1257,2026-06-17 00:00:02
1847,Paris,21.75,Clouds,48.8534,2.3488,2026-06-17 00:00:02
1848,Berlin,13.57,Clouds,52.5244,13.4105,2026-06-17 00:00:02
1849,Madrid,25.86,Clouds,40.4165,-3.7026,2026-06-17 00:00:02
1850,Rome,22.91,Rain,34.257,-85.1647,2026-06-17 00:00:02
1851,New York,22.45,Clouds,40.7143,-74.006,2026-06-17 00:00:02
1852,Barcelona,24.05,Clouds,41.3888,2.159,2026-06-17 00:00:03
1853,Miami,31.58,Clouds,25.7743,-80.1937,2026-06-17 00:00:03
1854,Lisbon,19.11,Clear,38.7167,-9.1333,2026-06-17 00:30:01
1855,Porto,19.03,Clouds,41.1496,-8.611,2026-06-17 00:30:01
1856,London,17.9,Clouds,51.5085,-0.1257,2026-06-17 00:30:02
1857,Paris,21.09,Clouds,48.8534,2.3488,2026-06-17 00:30:02
1858,Berlin,12.99,Clouds,52.5244,13.4105,2026-06-17 00:30:02
1859,Madrid,25.4,Clouds,40.4165,-3.7026,2026-06-17 00:30:02
1860,Rome,22.91,Rain,34.257,-85.1647,2026-06-17 00:30:02
1861,New York,22.06,Clouds,40.7143,-74.006,2026-06-17 00:30:02
1862,Barcelona,24.21,Clouds,41.3888,2.159,2026-06-17 00:30:02
1863,Miami,30.77,Clouds,25.7743,-80.1937,2026-06-17 00:30:02
1864,Lisbon,18.47,Clear,38.7167,-9.1333,2026-06-17 01:00:01
1865,Porto,18.42,Clear,41.1496,-8.611,2026-06-17 01:00:01
1866,London,17.66,Clouds,51.5085,-0.1257,2026-06-17 01:00:01
1867,Paris,20.49,Clouds,48.8534,2.3488,2026-06-17 01:00:01
1868,Berlin,12.8,Clouds,52.5244,13.4105,2026-06-17 01:00:01
1869,Madrid,25.04,Clouds,40.4165,-3.7026,2026-06-17 01:00:02
1870,Rome,22.86,Rain,34.257,-85.1647,2026-06-17 01:00:02
1871,New York,21.26,Clouds,40.7143,-74.006,2026-06-17 01:00:02
1872,Barcelona,24.08,Clouds,41.3888,2.159,2026-06-17 01:00:02
1873,Miami,30.47,Clouds,25.7743,-80.1937,2026-06-17 01:00:02
1874,Lisbon,18.22,Clear,38.7167,-9.1333,2026-06-17 01:30:01
1875,Porto,18.36,Clear,41.1496,-8.611,2026-06-17 01:30:01
1876,London,17.35,Clouds,51.5085,-0.1257,2026-06-17 01:30:01
1877,Paris,19.89,Clouds,48.8534,2.3488,2026-06-17 01:30:01
1878,Berlin,11.89,Clouds,52.5244,13.4105,2026-06-17 01:30:01
1879,Madrid,24.69,Clouds,40.4165,-3.7026,2026-06-17 01:30:01
1880,Rome,22.22,Rain,34.257,-85.1647,2026-06-17 01:30:01
1881,New York,20.74,Clouds,40.7143,-74.006,2026-06-17 01:30:01
1882,Barcelona,24.22,Clouds,41.3888,2.159,2026-06-17 01:30:02
1883,Miami,30.14,Clouds,25.7743,-80.1937,2026-06-17 01:30:02
1884,Lisbon,18.07,Clear,38.7167,-9.1333,2026-06-17 02:00:02
1885,Porto,18.03,Clear,41.1496,-8.611,2026-06-17 02:00:02
1886,London,17.11,Clouds,51.5085,-0.1257,2026-06-17 02:00:02
1887,Paris,19.34,Clouds,48.8534,2.3488,2026-06-17 02:00:02
1888,Berlin,11.7,Clouds,52.5244,13.4105,2026-06-17 02:00:02
1889,Madrid,24.4,Clouds,40.4165,-3.7026,2026-06-17 02:00:02
1890,Rome,21.53,Rain,34.257,-85.1647,2026-06-17 02:00:02
1891,New York,20.27,Clouds,40.7143,-74.006,2026-06-17 02:00:02
1892,Barcelona,23.67,Clear,41.3888,2.159,2026-06-17 02:00:02
1893,Miami,29.61,Clouds,25.7743,-80.1937,2026-06-17 02:00:02
1894,Lisbon,17.8,Clear,38.7167,-9.1333,2026-06-17 02:30:03
1895,Porto,18.19,Clear,41.1496,-8.611,2026-06-17 02:30:03
1896,London,17.17,Clouds,51.5085,-0.1257,2026-06-17 02:30:03
1897,Paris,18.12,Clouds,48.8534,2.3488,2026-06-17 02:30:03
1898,Berlin,11.84,Clouds,52.5244,13.4105,2026-06-17 02:30:03
1899,Madrid,24.18,Clouds,40.4165,-3.7026,2026-06-17 02:30:03
1900,Rome,21.49,Rain,34.257,-85.1647,2026-06-17 02:30:03
1901,New York,19.98,Clouds,40.7143,-74.006,2026-06-17 02:30:03
1902,Barcelona,24.21,Clear,41.3888,2.159,2026-06-17 02:30:03
1903,Miami,29.31,Clouds,25.7743,-80.1937,2026-06-17 02:30:03
1904,Lisbon,17.73,Clear,38.7167,-9.1333,2026-06-17 03:00:03
1905,Porto,18.21,Clear,41.1496,-8.611,2026-06-17 03:00:03
1906,London,17.02,Clouds,51.5085,-0.1257,2026-06-17 03:00:03
1907,Paris,17.32,Clouds,48.8534,2.3488,2026-06-17 03:00:03
1908,Berlin,11.84,Clouds,52.5244,13.4105,2026-06-17 03:00:03
1909,Madrid,23.87,Clear,40.4165,-3.7026,2026-06-17 03:00:03
1910,Rome,21.34,Clouds,34.257,-85.1647,2026-06-17 03:00:03
1911,New York,19.83,Clouds,40.7143,-74.006,2026-06-17 03:00:03
1912,Barcelona,24.28,Clear,41.3888,2.159,2026-06-17 03:00:03
1913,Miami,29.05,Clouds,25.7743,-80.1937,2026-06-17 03:00:03
1914,Lisbon,17.73,Clear,38.7167,-9.1333,2026-06-17 03:30:03
1915,Porto,18.1,Clear,41.1496,-8.611,2026-06-17 03:30:03
1916,London,17.09,Clouds,51.5085,-0.1257,2026-06-17 03:30:03
1917,Paris,16.76,Clouds,48.8534,2.3488,2026-06-17 03:30:03
1918,Berlin,11.27,Clouds,52.5244,13.4105,2026-06-17 03:30:04
1919,Madrid,23.05,Clear,40.4165,-3.7026,2026-06-17 03:30:04
1920,Rome,21.34,Clouds,34.257,-85.1647,2026-06-17 03:30:04
1921,New York,19.5,Clouds,40.7143,-74.006,2026-06-17 03:30:04
1922,Barcelona,24.04,Clear,41.3888,2.159,2026-06-17 03:30:04
1923,Miami,29.02,Clouds,25.7743,-80.1937,2026-06-17 03:30:04
1924,Lisbon,17.73,Clear,38.7167,-9.1333,2026-06-17 04:00:03
1925,Porto,18.06,Clear,41.1496,-8.611,2026-06-17 04:00:03
1926,London,17.29,Clouds,51.5085,-0.1257,2026-06-17 04:00:04
1927,Paris,16.75,Clouds,48.8534,2.3488,2026-06-17 04:00:04
1928,Berlin,9.8,Clouds,52.5244,13.4105,2026-06-17 04:00:04
1929,Madrid,22.62,Clear,40.4165,-3.7026,2026-06-17 04:00:04
1930,Rome,21.15,Clouds,34.257,-85.1647,2026-06-17 04:00:04
1931,New York,19.47,Clouds,40.7143,-74.006,2026-06-17 04:00:04
1932,Barcelona,23.71,Clear,41.3888,2.159,2026-06-17 04:00:04
1933,Miami,28.71,Clouds,25.7743,-80.1937,2026-06-17 04:00:04
1934,Lisbon,17.8,Clear,38.7167,-9.1333,2026-06-17 04:30:03
1935,Porto,18.16,Clear,41.1496,-8.611,2026-06-17 04:30:03
1936,London,17.33,Clouds,51.5085,-0.1257,2026-06-17 04:30:03
1937,Paris,16.53,Clouds,48.8534,2.3488,2026-06-17 04:30:03
1938,Berlin,10.01,Clouds,52.5244,13.4105,2026-06-17 04:30:03
1939,Madrid,22.21,Clear,40.4165,-3.7026,2026-06-17 04:30:03
1940,Rome,20.86,Clouds,34.257,-85.1647,2026-06-17 04:30:03
1941,New York,19.23,Clouds,40.7143,-74.006,2026-06-17 04:30:03
1942,Barcelona,23.39,Clear,41.3888,2.159,2026-06-17 04:30:03
1943,Miami,28.15,Clouds,25.7743,-80.1937,2026-06-17 04:30:03
1944,Lisbon,17.8,Clear,38.7167,-9.1333,2026-06-17 05:00:03
1945,Porto,18.06,Clear,41.1496,-8.611,2026-06-17 05:00:03
1946,London,17.55,Clouds,51.5085,-0.1257,2026-06-17 05:00:03
1947,Paris,16.5,Clouds,48.8534,2.3488,2026-06-17 05:00:03
1948,Berlin,10.25,Clouds,52.5244,13.4105,2026-06-17 05:00:03
1949,Madrid,21.91,Clear,40.4165,-3.7026,2026-06-17 05:00:03
1950,Rome,20.96,Clouds,34.257,-85.1647,2026-06-17 05:00:03
1951,New York,19.17,Clouds,40.7143,-74.006,2026-06-17 05:00:03
1952,Barcelona,23.16,Clear,41.3888,2.159,2026-06-17 05:00:03
1953,Miami,28.07,Clouds,25.7743,-80.1937,2026-06-17 05:00:03
1954,Lisbon,17.58,Clear,38.7167,-9.1333,2026-06-17 05:30:03
1955,Porto,18.02,Clear,41.1496,-8.611,2026-06-17 05:30:03
1956,London,17.62,Clouds,51.5085,-0.1257,2026-06-17 05:30:04
1957,Paris,16.08,Clouds,48.8534,2.3488,2026-06-17 05:30:04
1958,Berlin,11.33,Clouds,52.5244,13.4105,2026-06-17 05:30:04
1959,Madrid,21.87,Clear,40.4165,-3.7026,2026-06-17 05:30:04
1960,Rome,20.61,Clouds,34.257,-85.1647,2026-06-17 05:30:04
1961,New York,18.93,Clouds,40.7143,-74.006,2026-06-17 05:30:04
1962,Barcelona,22.99,Clear,41.3888,2.159,2026-06-17 05:30:04
1963,Miami,27.61,Clouds,25.7743,-80.1937,2026-06-17 05:30:04
1964,Lisbon,17.24,Clear,38.7167,-9.1333,2026-06-17 06:00:03
1965,Porto,17.76,Clear,41.1496,-8.611,2026-06-17 06:00:03
1966,London,17.52,Clouds,51.5085,-0.1257,2026-06-17 06:00:03
1967,Paris,17.38,Clouds,48.8534,2.3488,2026-06-17 06:00:03
1968,Berlin,12.18,Clouds,52.5244,13.4105,2026-06-17 06:00:03
1969,Madrid,21.64,Clear,40.4165,-3.7026,2026-06-17 06:00:04
1970,Rome,20.42,Clouds,34.257,-85.1647,2026-06-17 06:00:04
1971,New York,18.79,Clouds,40.7143,-74.006,2026-06-17 06:00:04
1972,Barcelona,23.98,Clear,41.3888,2.159,2026-06-17 06:00:04
1973,Miami,27.31,Clouds,25.7743,-80.1937,2026-06-17 06:00:04
1974,Lisbon,17.74,Clear,38.7167,-9.1333,2026-06-17 06:30:04
1975,Porto,17.85,Clear,41.1496,-8.611,2026-06-17 06:30:04
1976,London,17.77,Clouds,51.5085,-0.1257,2026-06-17 06:30:04
1977,Paris,17.76,Clouds,48.8534,2.3488,2026-06-17 06:30:04
1978,Berlin,12.51,Clouds,52.5244,13.4105,2026-06-17 06:30:04
1979,Madrid,21.68,Clear,40.4165,-3.7026,2026-06-17 06:30:04
1980,Rome,20.42,Clouds,34.257,-85.1647,2026-06-17 06:30:04
1981,New York,18.76,Clouds,40.7143,-74.006,2026-06-17 06:30:04
1982,Barcelona,24.24,Clear,41.3888,2.159,2026-06-17 06:30:04
1983,Miami,27.12,Clouds,25.7743,-80.1937,2026-06-17 06:30:04
1984,Lisbon,17.74,Clear,38.7167,-9.1333,2026-06-17 07:00:04
1985,Porto,18.03,Clear,41.1496,-8.611,2026-06-17 07:00:04
1986,London,17.9,Clouds,51.5085,-0.1257,2026-06-17 07:00:04
1987,Paris,18.6,Clouds,48.8534,2.3488,2026-06-17 07:00:04
1988,Berlin,14.02,Clouds,52.5244,13.4105,2026-06-17 07:00:04
1989,Madrid,21.49,Clear,40.4165,-3.7026,2026-06-17 07:00:04
1990,Rome,20.42,Rain,34.257,-85.1647,2026-06-17 07:00:04
1991,New York,18.34,Clouds,40.7143,-74.006,2026-06-17 07:00:04
1992,Barcelona,25.58,Clear,41.3888,2.159,2026-06-17 07:00:05
1993,Miami,26.77,Clouds,25.7743,-80.1937,2026-06-17 07:00:05
1994,Lisbon,17.95,Clear,38.7167,-9.1333,2026-06-17 07:30:03
1995,Porto,18.3,Clear,41.1496,-8.611,2026-06-17 07:30:03
1996,London,17.93,Clouds,51.5085,-0.1257,2026-06-17 07:30:03
1997,Paris,20.23,Clouds,48.8534,2.3488,2026-06-17 07:30:04
1998,Berlin,14.51,Clouds,52.5244,13.4105,2026-06-17 07:30:04
1999,Madrid,22.45,Clear,40.4165,-3.7026,2026-06-17 07:30:04
2000,Rome,20.48,Rain,34.257,-85.1647,2026-06-17 07:30:04
2001,New York,18.28,Clouds,40.7143,-74.006,2026-06-17 07:30:04
2002,Barcelona,26.91,Clear,41.3888,2.159,2026-06-17 07:30:04
2003,Miami,27.15,Clouds,25.7743,-80.1937,2026-06-17 07:30:04
2004,Lisbon,18.13,Clear,38.7167,-9.1333,2026-06-17 08:00:03
2005,Porto,19.47,Clear,41.1496,-8.611,2026-06-17 08:00:03
2006,London,18.17,Clouds,51.5085,-0.1257,2026-06-17 08:00:03
2007,Paris,22.08,Clouds,48.8534,2.3488,2026-06-17 08:00:03
2008,Berlin,15.23,Clouds,52.5244,13.4105,2026-06-17 08:00:03
2009,Madrid,23.23,Clear,40.4165,-3.7026,2026-06-17 08:00:03
2010,Rome,20.61,Clouds,34.257,-85.1647,2026-06-17 08:00:04
2011,New York,18.09,Clouds,40.7143,-74.006,2026-06-17 08:00:04
2012,Barcelona,27.67,Clear,41.3888,2.159,2026-06-17 08:00:04
2013,Miami,26.48,Clouds,25.7743,-80.1937,2026-06-17 08:00:04
2014,Lisbon,18.69,Clear,38.7167,-9.1333,2026-06-17 08:30:04
2015,Porto,20.48,Clear,41.1496,-8.611,2026-06-17 08:30:04
2016,London,18.17,Clouds,51.5085,-0.1257,2026-06-17 08:30:04
2017,Paris,22.34,Clouds,48.8534,2.3488,2026-06-17 08:30:04
2018,Berlin,16.22,Clouds,52.5244,13.4105,2026-06-17 08:30:04
2019,Madrid,24.19,Clear,40.4165,-3.7026,2026-06-17 08:30:04
2020,Rome,20.55,Clouds,34.257,-85.1647,2026-06-17 08:30:04
2021,New York,17.91,Clouds,40.7143,-74.006,2026-06-17 08:30:04
2022,Barcelona,26.93,Clear,41.3888,2.159,2026-06-17 08:30:04
2023,Miami,26.31,Clouds,25.7743,-80.1937,2026-06-17 08:30:04
2024,Lisbon,20.22,Clear,38.7167,-9.1333,2026-06-17 09:00:04
2025,Porto,21.85,Clear,41.1496,-8.611,2026-06-17 09:00:04
2026,London,18.09,Rain,51.5085,-0.1257,2026-06-17 09:00:04
2027,Paris,23.63,Clouds,48.8534,2.3488,2026-06-17 09:00:04
2028,Berlin,17.33,Clouds,52.5244,13.4105,2026-06-17 09:00:04
2029,Madrid,24.8,Clear,40.4165,-3.7026,2026-06-17 09:00:04
2030,Rome,20.77,Rain,34.257,-85.1647,2026-06-17 09:00:04
2031,New York,17.77,Clouds,40.7143,-74.006,2026-06-17 09:00:04
2032,Barcelona,28.64,Clear,41.3888,2.159,2026-06-17 09:00:04
2033,Miami,26.07,Clouds,25.7743,-80.1937,2026-06-17 09:00:04
2034,Lisbon,21.01,Clear,38.7167,-9.1333,2026-06-17 09:30:04
2035,Porto,23.3,Clear,41.1496,-8.611,2026-06-17 09:30:04
2036,London,18.41,Clouds,51.5085,-0.1257,2026-06-17 09:30:04
2037,Paris,23.94,Clouds,48.8534,2.3488,2026-06-17 09:30:04
2038,Berlin,18.75,Clouds,52.5244,13.4105,2026-06-17 09:30:04
2039,Madrid,25.62,Clear,40.4165,-3.7026,2026-06-17 09:30:04
2040,Rome,20.48,Rain,34.257,-85.1647,2026-06-17 09:30:04
2041,New York,17.72,Clouds,40.7143,-74.006,2026-06-17 09:30:04
2042,Barcelona,28.59,Clear,41.3888,2.159,2026-06-17 09:30:04
2043,Miami,26.05,Clouds,25.7743,-80.1937,2026-06-17 09:30:04
2044,Lisbon,22.05,Clear,38.7167,-9.1333,2026-06-17 10:00:04
2045,Porto,23.48,Clear,41.1496,-8.611,2026-06-17 10:00:04
2046,London,18.79,Clouds,51.5085,-0.1257,2026-06-17 10:00:04
2047,Paris,25.15,Clouds,48.8534,2.3488,2026-06-17 10:00:04
2048,Berlin,19.68,Clouds,52.5244,13.4105,2026-06-17 10:00:04
2049,Madrid,26.22,Clear,40.4165,-3.7026,2026-06-17 10:00:04
2050,Rome,20.83,Clouds,34.257,-85.1647,2026-06-17 10:00:04
2051,New York,17.61,Clouds,40.7143,-74.006,2026-06-17 10:00:04
2052,Barcelona,29.67,Clear,41.3888,2.159,2026-06-17 10:00:04
2053,Miami,26.11,Clouds,25.7743,-80.1937,2026-06-17 10:00:04
2054,Lisbon,23.09,Clear,38.7167,-9.1333,2026-06-17 10:30:04
2055,Porto,23.6,Clear,41.1496,-8.611,2026-06-17 10:30:04
2056,London,19.47,Clouds,51.5085,-0.1257,2026-06-17 10:30:04
2057,Paris,26.19,Clouds,48.8534,2.3488,2026-06-17 10:30:04
2058,Berlin,20.16,Rain,52.5244,13.4105,2026-06-17 10:30:04
2059,Madrid,27.41,Clear,40.4165,-3.7026,2026-06-17 10:30:04
2060,Rome,20.97,Clouds,34.257,-85.1647,2026-06-17 10:30:04
2061,New York,17.37,Clouds,40.7143,-74.006,2026-06-17 10:30:05
2062,Barcelona,29.92,Clear,41.3888,2.159,2026-06-17 10:30:05
2063,Miami,25.94,Clouds,25.7743,-80.1937,2026-06-17 10:30:05
2064,Lisbon,24.12,Clear,38.7167,-9.1333,2026-06-17 11:00:05
2065,Porto,23.6,Clear,41.1496,-8.611,2026-06-17 11:00:05
2066,London,20.39,Clouds,51.5085,-0.1257,2026-06-17 11:00:05
2067,Paris,28.25,Clouds,48.8534,2.3488,2026-06-17 11:00:05
2068,Berlin,21.66,Clouds,52.5244,13.4105,2026-06-17 11:00:05
2069,Madrid,27.8,Clear,40.4165,-3.7026,2026-06-17 11:00:05
2070,Rome,20.97,Clouds,34.257,-85.1647,2026-06-17 11:00:05
2071,New York,17.31,Clouds,40.7143,-74.006,2026-06-17 11:00:05
2072,Barcelona,29.72,Clear,41.3888,2.159,2026-06-17 11:00:05
2073,Miami,25.94,Clouds,25.7743,-80.1937,2026-06-17 11:00:05
2074,Lisbon,25.31,Clear,38.7167,-9.1333,2026-06-17 11:30:04
2075,Porto,23.6,Clear,41.1496,-8.611,2026-06-17 11:30:04
2076,London,20.96,Clouds,51.5085,-0.1257,2026-06-17 11:30:04
2077,Paris,29.19,Clouds,48.8534,2.3488,2026-06-17 11:30:04
2078,Berlin,22.05,Clouds,52.5244,13.4105,2026-06-17 11:30:04
2079,Madrid,29.01,Clear,40.4165,-3.7026,2026-06-17 11:30:04
2080,Rome,21.05,Clouds,34.257,-85.1647,2026-06-17 11:30:05
2081,New York,17.62,Clouds,40.7143,-74.006,2026-06-17 11:30:05
2082,Barcelona,30.22,Clear,41.3888,2.159,2026-06-17 11:30:05
2083,Miami,26.11,Clouds,25.7743,-80.1937,2026-06-17 11:30:05
2084,Lisbon,25.86,Clear,38.7167,-9.1333,2026-06-17 12:00:05
2085,Porto,23.6,Clear,41.1496,-8.611,2026-06-17 12:00:05
2086,London,22.22,Clouds,51.5085,-0.1257,2026-06-17 12:00:05
2087,Paris,29.68,Clouds,48.8534,2.3488,2026-06-17 12:00:05
2088,Berlin,23.31,Clouds,52.5244,13.4105,2026-06-17 12:00:05
2089,Madrid,29.52,Clear,40.4165,-3.7026,2026-06-17 12:00:05
2090,Rome,20.57,Clouds,34.257,-85.1647,2026-06-17 12:00:05
2091,New York,18.06,Clouds,40.7143,-74.006,2026-06-17 12:00:05
2092,Barcelona,30.45,Clear,41.3888,2.159,2026-06-17 12:00:05
2093,Miami,25.57,Clouds,25.7743,-80.1937,2026-06-17 12:00:05
2094,Lisbon,26.42,Clear,38.7167,-9.1333,2026-06-17 12:30:05
2095,Porto,23.6,Clear,41.1496,-8.611,2026-06-17 12:30:05
2096,London,23.28,Clouds,51.5085,-0.1257,2026-06-17 12:30:05
2097,Paris,30.81,Clouds,48.8534,2.3488,2026-06-17 12:30:05
2098,Berlin,23.73,Clouds,52.5244,13.4105,2026-06-17 12:30:05
2099,Madrid,30.08,Clear,40.4165,-3.7026,2026-06-17 12:30:05
2100,Rome,20.67,Clouds,34.257,-85.1647,2026-06-17 12:30:05
2101,New York,18.9,Clouds,40.7143,-74.006,2026-06-17 12:30:05
2102,Barcelona,30.93,Clear,41.3888,2.159,2026-06-17 12:30:05
2103,Miami,26.58,Clouds,25.7743,-80.1937,2026-06-17 12:30:05
2104,Lisbon,26.97,Clear,38.7167,-9.1333,2026-06-17 13:00:03
2105,Porto,24.15,Clear,41.1496,-8.611,2026-06-17 13:00:03
2106,London,23.79,Clouds,51.5085,-0.1257,2026-06-17 13:00:03
2107,Paris,29.72,Clouds,48.8534,2.3488,2026-06-17 13:00:03
2108,Berlin,24.06,Clouds,52.5244,13.4105,2026-06-17 13:00:03
2109,Madrid,30.76,Clear,40.4165,-3.7026,2026-06-17 13:00:03
2110,Rome,21.01,Clouds,34.257,-85.1647,2026-06-17 13:00:03
2111,New York,19.42,Clouds,40.7143,-74.006,2026-06-17 13:00:03
2112,Barcelona,30.93,Clear,41.3888,2.159,2026-06-17 13:00:03
2113,Miami,26.9,Clouds,25.7743,-80.1937,2026-06-17 13:00:03
2114,Lisbon,28.45,Clear,38.7167,-9.1333,2026-06-17 13:30:05
2115,Porto,23.6,Clear,41.1496,-8.611,2026-06-17 13:30:05
2116,London,24.43,Clouds,51.5085,-0.1257,2026-06-17 13:30:05
2117,Paris,31.56,Clouds,48.8534,2.3488,2026-06-17 13:30:05
2118,Berlin,24.67,Clouds,52.5244,13.4105,2026-06-17 13:30:05
2119,Madrid,31.24,Clear,40.4165,-3.7026,2026-06-17 13:30:05
2120,Rome,21.72,Clouds,34.257,-85.1647,2026-06-17 13:30:05
2121,New York,20.18,Clouds,40.7143,-74.006,2026-06-17 13:30:05
2122,Barcelona,30.78,Clear,41.3888,2.159,2026-06-17 13:30:05
2123,Miami,28.09,Clouds,25.7743,-80.1937,2026-06-17 13:30:05
2124,Lisbon,29.4,Clear,38.7167,-9.1333,2026-06-17 14:00:04
2125,Porto,23.04,Clouds,41.1496,-8.611,2026-06-17 14:00:04
2126,London,25.01,Clouds,51.5085,-0.1257,2026-06-17 14:00:04
2127,Paris,30.55,Clouds,48.8534,2.3488,2026-06-17 14:00:04
2128,Berlin,24.75,Clouds,52.5244,13.4105,2026-06-17 14:00:04
2129,Madrid,32.03,Clear,40.4165,-3.7026,2026-06-17 14:00:04
2130,Rome,22.27,Clouds,34.257,-85.1647,2026-06-17 14:00:04
2131,New York,21.14,Clouds,40.7143,-74.006,2026-06-17 14:00:04
2132,Barcelona,30.76,Clear,41.3888,2.159,2026-06-17 14:00:05
2133,Miami,28.95,Clouds,25.7743,-80.1937,2026-06-17 14:00:05
2134,Lisbon,30.51,Clear,38.7167,-9.1333,2026-06-17 14:30:05
2135,Porto,23.6,Clouds,41.1496,-8.611,2026-06-17 14:30:05
2136,London,25.26,Clouds,51.5085,-0.1257,2026-06-17 14:30:05
2137,Paris,30.97,Clouds,48.8534,2.3488,2026-06-17 14:30:05
2138,Berlin,25.02,Clouds,52.5244,13.4105,2026-06-17 14:30:05
2139,Madrid,32.17,Clear,40.4165,-3.7026,2026-06-17 14:30:05
2140,Rome,22.46,Clouds,34.257,-85.1647,2026-06-17 14:30:05
2141,New York,22.11,Clouds,40.7143,-74.006,2026-06-17 14:30:05
2142,Barcelona,30.37,Clear,41.3888,2.159,2026-06-17 14:30:05
2143,Miami,29.81,Clouds,25.7743,-80.1937,2026-06-17 14:30:05
2144,Lisbon,30.86,Clear,38.7167,-9.1333,2026-06-17 14:49:44
2145,Porto,23.6,Clouds,41.1496,-8.611,2026-06-17 14:49:44
2146,London,25.76,Clouds,51.5085,-0.1257,2026-06-17 14:49:44
2147,Paris,32.28,Clouds,48.8534,2.3488,2026-06-17 14:49:45
2148,Berlin,25.06,Clouds,52.5244,13.4105,2026-06-17 14:49:45
2149,Madrid,32.9,Clear,40.4165,-3.7026,2026-06-17 14:49:45
2150,Rome,22.6,Clouds,34.257,-85.1647,2026-06-17 14:49:45
2151,Barcelona,30.02,Clear,41.3888,2.159,2026-06-17 14:49:45
2152,Miami,30.61,Clouds,25.7743,-80.1937,2026-06-17 14:49:45
2153,Lisbon,30.86,Clear,38.7167,-9.1333,2026-06-17 15:00:03
2154,Porto,23.6,Clouds,41.1496,-8.611,2026-06-17 15:00:03
2155,London,25.49,Clouds,51.5085,-0.1257,2026-06-17 15:00:03
2156,Paris,32.43,Clouds,48.8534,2.3488,2026-06-17 15:00:03
2157,Berlin,25.13,Clouds,52.5244,13.4105,2026-06-17 15:00:03
2158,Madrid,32.9,Clear,40.4165,-3.7026,2026-06-17 15:00:03
2159,Rome,23.05,Clouds,34.257,-85.1647,2026-06-17 15:00:03
2160,New York,23,Clouds,40.7143,-74.006,2026-06-17 15:00:03
2161,Barcelona,30.65,Clear,41.3888,2.159,2026-06-17 15:00:03
2162,Miami,30.71,Clouds,25.7743,-80.1937,2026-06-17 15:00:03
2163,Lisbon,31.42,Clear,38.7167,-9.1333,2026-06-17 15:30:05
2164,Porto,23.04,Clouds,41.1496,-8.611,2026-06-17 15:30:05
2165,London,25.43,Clouds,51.5085,-0.1257,2026-06-17 15:30:05
2166,Paris,31.36,Clouds,48.8534,2.3488,2026-06-17 15:30:05
2167,Berlin,24.94,Rain,52.5244,13.4105,2026-06-17 15:30:05
2168,Madrid,33.23,Clear,40.4165,-3.7026,2026-06-17 15:30:05
2169,Rome,23.21,Clouds,34.257,-85.1647,2026-06-17 15:30:05
2170,New York,23.37,Clouds,40.7143,-74.006,2026-06-17 15:30:05
2171,Barcelona,29.99,Clear,41.3888,2.159,2026-06-17 15:30:05
2172,Miami,31.17,Clouds,25.7743,-80.1937,2026-06-17 15:30:05
2173,Lisbon,30.86,Clear,38.7167,-9.1333,2026-06-17 16:00:04
2174,Porto,23.6,Clouds,41.1496,-8.611,2026-06-17 16:00:04
2175,London,25.23,Clouds,51.5085,-0.1257,2026-06-17 16:00:04
2176,Paris,31.34,Clouds,48.8534,2.3488,2026-06-17 16:00:04
2177,Berlin,24.97,Clouds,52.5244,13.4105,2026-06-17 16:00:04
2178,Madrid,33.45,Clear,40.4165,-3.7026,2026-06-17 16:00:04
2179,Rome,24.66,Clouds,34.257,-85.1647,2026-06-17 16:00:04
2180,New York,24.16,Clouds,40.7143,-74.006,2026-06-17 16:00:04
2181,Barcelona,29.78,Clear,41.3888,2.159,2026-06-17 16:00:05
2182,Miami,31.64,Clouds,25.7743,-80.1937,2026-06-17 16:00:06
2183,Lisbon,30.31,Clear,38.7167,-9.1333,2026-06-17 16:30:05
2184,Porto,23.6,Clouds,41.1496,-8.611,2026-06-17 16:30:05
2185,London,25.14,Clouds,51.5085,-0.1257,2026-06-17 16:30:05
2186,Paris,31.75,Clouds,48.8534,2.3488,2026-06-17 16:30:05
2187,Berlin,25.27,Clouds,52.5244,13.4105,2026-06-17 16:30:05
2188,Madrid,33.65,Clear,40.4165,-3.7026,2026-06-17 16:30:05
2189,Rome,25.08,Clouds,34.257,-85.1647,2026-06-17 16:30:06
2190,New York,24.71,Clouds,40.7143,-74.006,2026-06-17 16:30:06
2191,Barcelona,29.56,Clear,41.3888,2.159,2026-06-17 16:30:06
2192,Miami,32.15,Clouds,25.7743,-80.1937,2026-06-17 16:30:06
2193,Lisbon,29.75,Clear,38.7167,-9.1333,2026-06-17 17:00:05
2194,Porto,23.6,Clouds,41.1496,-8.611,2026-06-17 17:00:05
2195,London,24.65,Clouds,51.5085,-0.1257,2026-06-17 17:00:05
2196,Paris,32.13,Clouds,48.8534,2.3488,2026-06-17 17:00:05
2197,Berlin,25.05,Clouds,52.5244,13.4105,2026-06-17 17:00:05
2198,Madrid,33.69,Clear,40.4165,-3.7026,2026-06-17 17:00:05
2199,Rome,27.16,Clouds,34.257,-85.1647,2026-06-17 17:00:05
2200,New York,25.25,Clouds,40.7143,-74.006,2026-06-17 17:00:06
2201,Barcelona,29.44,Clear,41.3888,2.159,2026-06-17 17:00:06
2202,Miami,32.58,Clouds,25.7743,-80.1937,2026-06-17 17:00:06
2203,Lisbon,28.64,Clear,38.7167,-9.1333,2026-06-17 17:30:05
2204,Porto,23.6,Clouds,41.1496,-8.611,2026-06-17 17:30:05
2205,London,24.13,Clouds,51.5085,-0.1257,2026-06-17 17:30:05
2206,Paris,32.41,Clouds,48.8534,2.3488,2026-06-17 17:30:05
2207,Berlin,24.72,Clouds,52.5244,13.4105,2026-06-17 17:30:05
2208,Madrid,33.75,Clear,40.4165,-3.7026,2026-06-17 17:30:05
2209,Rome,26.56,Clouds,34.257,-85.1647,2026-06-17 17:30:05
2210,New York,25.41,Clouds,40.7143,-74.006,2026-06-17 17:30:05
2211,Barcelona,29.47,Clear,41.3888,2.159,2026-06-17 17:30:05
2212,Miami,33.08,Clouds,25.7743,-80.1937,2026-06-17 17:30:05
2213,Lisbon,27.32,Clear,38.7167,-9.1333,2026-06-17 18:00:05
2214,Porto,23.6,Clouds,41.1496,-8.611,2026-06-17 18:00:05
2215,London,23.95,Clouds,51.5085,-0.1257,2026-06-17 18:00:05
2216,Paris,32.52,Clouds,48.8534,2.3488,2026-06-17 18:00:05
2217,Berlin,24.62,Clouds,52.5244,13.4105,2026-06-17 18:00:05
2218,Madrid,33.72,Clear,40.4165,-3.7026,2026-06-17 18:00:05
2219,Rome,29.1,Clouds,34.257,-85.1647,2026-06-17 18:00:05
2220,New York,25.45,Clouds,40.7143,-74.006,2026-06-17 18:00:05
2221,Barcelona,29.28,Clear,41.3888,2.159,2026-06-17 18:00:05
2222,Miami,33.24,Clouds,25.7743,-80.1937,2026-06-17 18:00:06
2223,Lisbon,24.77,Clear,38.7167,-9.1333,2026-06-17 18:30:05
2224,Porto,23.6,Clouds,41.1496,-8.611,2026-06-17 18:30:05
2225,London,23.27,Clouds,51.5085,-0.1257,2026-06-17 18:30:05
2226,Paris,31.72,Clouds,48.8534,2.3488,2026-06-17 18:30:05
2227,Berlin,24.35,Clouds,52.5244,13.4105,2026-06-17 18:30:05
2228,Madrid,33.58,Clear,40.4165,-3.7026,2026-06-17 18:30:05
2229,Rome,29.23,Clouds,34.257,-85.1647,2026-06-17 18:30:05
2230,New York,25.68,Clouds,40.7143,-74.006,2026-06-17 18:30:05
2231,Barcelona,29.05,Clear,41.3888,2.159,2026-06-17 18:30:06
2232,Miami,33.56,Clouds,25.7743,-80.1937,2026-06-17 18:30:06
2233,Lisbon,23.95,Clear,38.7167,-9.1333,2026-06-17 19:00:06
2234,Porto,26.2,Clouds,41.1496,-8.611,2026-06-17 19:00:06
2235,London,22.73,Clouds,51.5085,-0.1257,2026-06-17 19:00:06
2236,Paris,30.88,Clouds,48.8534,2.3488,2026-06-17 19:00:06
2237,Berlin,23.59,Clouds,52.5244,13.4105,2026-06-17 19:00:06
2238,Madrid,33.13,Clear,40.4165,-3.7026,2026-06-17 19:00:06
2239,Rome,29.54,Clouds,34.257,-85.1647,2026-06-17 19:00:06
2240,New York,24.86,Clouds,40.7143,-74.006,2026-06-17 19:00:06
2241,Barcelona,28.39,Clear,41.3888,2.159,2026-06-17 19:00:06
2242,Miami,33.92,Clouds,25.7743,-80.1937,2026-06-17 19:00:06
2243,Lisbon,23.77,Clear,38.7167,-9.1333,2026-06-17 19:30:01
2244,Porto,25.96,Clouds,41.1496,-8.611,2026-06-17 19:30:02
2245,London,22.41,Clouds,51.5085,-0.1257,2026-06-17 19:30:02
2246,Paris,30.83,Clouds,48.8534,2.3488,2026-06-17 19:30:02
2247,Berlin,23.34,Clouds,52.5244,13.4105,2026-06-17 19:30:02
2248,Madrid,32.89,Clear,40.4165,-3.7026,2026-06-17 19:30:02
2249,Rome,29.75,Clouds,34.257,-85.1647,2026-06-17 19:30:02
2250,New York,23.66,Clouds,40.7143,-74.006,2026-06-17 19:30:02
2251,Barcelona,28.35,Clear,41.3888,2.159,2026-06-17 19:30:02
2252,Miami,33.96,Clouds,25.7743,-80.1937,2026-06-17 19:30:02
2253,Lisbon,23.5,Clear,38.7167,-9.1333,2026-06-17 20:00:01
2254,Porto,23.74,Clouds,41.1496,-8.611,2026-06-17 20:00:01
2255,London,22.28,Clouds,51.5085,-0.1257,2026-06-17 20:00:01
2256,Paris,30.11,Clear,48.8534,2.3488,2026-06-17 20:00:01
2257,Berlin,22.68,Rain,52.5244,13.4105,2026-06-17 20:00:01
2258,Madrid,32.52,Clear,40.4165,-3.7026,2026-06-17 20:00:01
2259,Rome,29.78,Clear,34.257,-85.1647,2026-06-17 20:00:01
2260,New York,22.65,Clouds,40.7143,-74.006,2026-06-17 20:00:01
2261,Barcelona,28.75,Clear,41.3888,2.159,2026-06-17 20:00:01
2262,Miami,33.96,Clouds,25.7743,-80.1937,2026-06-17 20:00:01
2263,Lisbon,22.91,Clear,38.7167,-9.1333,2026-06-17 20:30:01
2264,Porto,21.83,Clouds,41.1496,-8.611,2026-06-17 20:30:01
2265,London,21.69,Clouds,51.5085,-0.1257,2026-06-17 20:30:01
2266,Paris,29.46,Clear,48.8534,2.3488,2026-06-17 20:30:01
2267,Berlin,22.18,Rain,52.5244,13.4105,2026-06-17 20:30:01
2268,Madrid,32,Clear,40.4165,-3.7026,2026-06-17 20:30:01
2269,Rome,29.58,Clear,34.257,-85.1647,2026-06-17 20:30:01
2270,New York,22.77,Rain,40.7143,-74.006,2026-06-17 20:30:01
2271,Barcelona,28.17,Clear,41.3888,2.159,2026-06-17 20:30:01
2272,Miami,33.9,Clouds,25.7743,-80.1937,2026-06-17 20:30:01
2273,Lisbon,21.81,Clear,38.7167,-9.1333,2026-06-17 21:00:01
2274,Porto,21.83,Clouds,41.1496,-8.611,2026-06-17 21:00:01
2275,London,21.33,Clouds,51.5085,-0.1257,2026-06-17 21:00:01
2276,Paris,27.77,Clear,48.8534,2.3488,2026-06-17 21:00:01
2277,Berlin,21.79,Clouds,52.5244,13.4105,2026-06-17 21:00:01
2278,Madrid,31.4,Clear,40.4165,-3.7026,2026-06-17 21:00:01
2279,Rome,30.65,Clear,34.257,-85.1647,2026-06-17 21:00:01
2280,New York,23.33,Rain,40.7143,-74.006,2026-06-17 21:00:01
2281,Barcelona,26.19,Clear,41.3888,2.159,2026-06-17 21:00:01
2282,Miami,32.93,Clouds,25.7743,-80.1937,2026-06-17 21:00:01
2283,Lisbon,21.1,Clear,38.7167,-9.1333,2026-06-17 21:30:01
2284,Porto,21.72,Clouds,41.1496,-8.611,2026-06-17 21:30:01
2285,London,20.84,Clouds,51.5085,-0.1257,2026-06-17 21:30:01
2286,Paris,26.36,Clear,48.8534,2.3488,2026-06-17 21:30:02
2287,Berlin,21.32,Clouds,52.5244,13.4105,2026-06-17 21:30:02
2288,Madrid,30.46,Clear,40.4165,-3.7026,2026-06-17 21:30:02
2289,Rome,30.9,Clear,34.257,-85.1647,2026-06-17 21:30:02
2290,New York,23.05,Clouds,40.7143,-74.006,2026-06-17 21:30:02
2291,Barcelona,25.93,Clear,41.3888,2.159,2026-06-17 21:30:02
2292,Miami,32.82,Clouds,25.7743,-80.1937,2026-06-17 21:30:02
2293,Lisbon,20.54,Clear,38.7167,-9.1333,2026-06-17 22:00:02
2294,Porto,21.27,Clouds,41.1496,-8.611,2026-06-17 22:00:02
2295,London,20.54,Clouds,51.5085,-0.1257,2026-06-17 22:00:02
2296,Paris,24.86,Clear,48.8534,2.3488,2026-06-17 22:00:02
2297,Berlin,21.46,Clouds,52.5244,13.4105,2026-06-17 22:00:02
2298,Madrid,29.63,Clear,40.4165,-3.7026,2026-06-17 22:00:02
2299,Rome,30.81,Clear,34.257,-85.1647,2026-06-17 22:00:02
2300,New York,22.93,Clouds,40.7143,-74.006,2026-06-17 22:00:02
2301,Barcelona,26.45,Clear,41.3888,2.159,2026-06-17 22:00:02
2302,Miami,32.56,Clouds,25.7743,-80.1937,2026-06-17 22:00:02
2303,Lisbon,19.52,Clear,38.7167,-9.1333,2026-06-17 22:30:01
2304,Porto,21.3,Clouds,41.1496,-8.611,2026-06-17 22:30:01
2305,London,19.97,Clouds,51.5085,-0.1257,2026-06-17 22:30:01
2306,Paris,23.75,Clear,48.8534,2.3488,2026-06-17 22:30:01
2307,Berlin,21.3,Clouds,52.5244,13.4105,2026-06-17 22:30:01
2308,Madrid,29.32,Clear,40.4165,-3.7026,2026-06-17 22:30:01
2309,Rome,30.65,Clear,34.257,-85.1647,2026-06-17 22:30:01
2310,New York,23.03,Clouds,40.7143,-74.006,2026-06-17 22:30:01
2311,Barcelona,25.15,Clear,41.3888,2.159,2026-06-17 22:30:01
2312,Miami,32.12,Clouds,25.7743,-80.1937,2026-06-17 22:30:01
2313,Lisbon,19.73,Clear,38.7167,-9.1333,2026-06-17 23:00:02
2314,Porto,20.31,Clouds,41.1496,-8.611,2026-06-17 23:00:02
2315,London,19.35,Clouds,51.5085,-0.1257,2026-06-17 23:00:02
2316,Paris,24.67,Clear,48.8534,2.3488,2026-06-17 23:00:02
2317,Berlin,20.64,Clouds,52.5244,13.4105,2026-06-17 23:00:02
2318,Madrid,28.8,Clear,40.4165,-3.7026,2026-06-17 23:00:02
2319,Rome,30.44,Clear,34.257,-85.1647,2026-06-17 23:00:02
2320,New York,23.08,Clouds,40.7143,-74.006,2026-06-17 23:00:02
2321,Barcelona,24.3,Clear,41.3888,2.159,2026-06-17 23:00:02
2322,Miami,30.85,Clouds,25.7743,-80.1937,2026-06-17 23:00:02
2323,Lisbon,19.73,Clear,38.7167,-9.1333,2026-06-17 23:30:02
2324,Porto,18.68,Clouds,41.1496,-8.611,2026-06-17 23:30:02
2325,London,19.22,Clouds,51.5085,-0.1257,2026-06-17 23:30:02
2326,Paris,23.66,Clear,48.8534,2.3488,2026-06-17 23:30:02
2327,Berlin,20.39,Clouds,52.5244,13.4105,2026-06-17 23:30:02
2328,Madrid,28.4,Clear,40.4165,-3.7026,2026-06-17 23:30:02
2329,Rome,30.53,Clear,34.257,-85.1647,2026-06-17 23:30:02
2330,New York,22.76,Clouds,40.7143,-74.006,2026-06-17 23:30:02
2331,Barcelona,24.23,Clear,41.3888,2.159,2026-06-17 23:30:02
2332,Miami,30.21,Clouds,25.7743,-80.1937,2026-06-17 23:30:02
2333,Lisbon,19,Clear,38.7167,-9.1333,2026-06-18 00:00:01
2334,Porto,18.7,Clouds,41.1496,-8.611,2026-06-18 00:00:01
2335,London,18.83,Clouds,51.5085,-0.1257,2026-06-18 00:00:01
2336,Paris,22.95,Clear,48.8534,2.3488,2026-06-18 00:00:01
2337,Berlin,20.26,Clouds,52.5244,13.4105,2026-06-18 00:00:01
2338,Madrid,27.53,Clear,40.4165,-3.7026,2026-06-18 00:00:01
2339,Rome,30.59,Clear,34.257,-85.1647,2026-06-18 00:00:01
2340,New York,22.81,Rain,40.7143,-74.006,2026-06-18 00:00:01
2341,Barcelona,23.51,Clear,41.3888,2.159,2026-06-18 00:00:01
2342,Miami,30.15,Clouds,25.7743,-80.1937,2026-06-18 00:00:02
2343,Lisbon,18.51,Clear,38.7167,-9.1333,2026-06-18 00:30:02
2344,Porto,18.17,Clouds,41.1496,-8.611,2026-06-18 00:30:02
2345,London,18.73,Clouds,51.5085,-0.1257,2026-06-18 00:30:02
2346,Paris,22.85,Clear,48.8534,2.3488,2026-06-18 00:30:02
2347,Berlin,20.18,Clouds,52.5244,13.4105,2026-06-18 00:30:02
2348,Madrid,26.83,Clear,40.4165,-3.7026,2026-06-18 00:30:02
2349,Rome,29.07,Clear,34.257,-85.1647,2026-06-18 00:30:02
2350,New York,22.28,Rain,40.7143,-74.006,2026-06-18 00:30:02
2351,Barcelona,23.06,Clear,41.3888,2.159,2026-06-18 00:30:02
2352,Miami,30.17,Clouds,25.7743,-80.1937,2026-06-18 00:30:02
2353,Lisbon,18.51,Clear,38.7167,-9.1333,2026-06-18 01:00:01
2354,Porto,18.1,Clouds,41.1496,-8.611,2026-06-18 01:00:01
2355,London,18.24,Clouds,51.5085,-0.1257,2026-06-18 01:00:01
2356,Paris,22.75,Clouds,48.8534,2.3488,2026-06-18 01:00:01
2357,Berlin,20.19,Clouds,52.5244,13.4105,2026-06-18 01:00:01
2358,Madrid,26.21,Clear,40.4165,-3.7026,2026-06-18 01:00:01
2359,Rome,28.24,Clear,34.257,-85.1647,2026-06-18 01:00:01
2360,New York,21.71,Clouds,40.7143,-74.006,2026-06-18 01:00:01
2361,Barcelona,22.56,Clear,41.3888,2.159,2026-06-18 01:00:01
2362,Miami,29.9,Clouds,25.7743,-80.1937,2026-06-18 01:00:02
2363,Lisbon,19.19,Clear,38.7167,-9.1333,2026-06-18 01:30:02
2364,Porto,18.11,Clouds,41.1496,-8.611,2026-06-18 01:30:02
2365,London,18.07,Clouds,51.5085,-0.1257,2026-06-18 01:30:02
2366,Paris,22.19,Clouds,48.8534,2.3488,2026-06-18 01:30:02
2367,Berlin,19.71,Clouds,52.5244,13.4105,2026-06-18 01:30:02
2368,Madrid,25.78,Clear,40.4165,-3.7026,2026-06-18 01:30:02
2369,Rome,27.17,Clear,34.257,-85.1647,2026-06-18 01:30:02
2370,New York,21.37,Clouds,40.7143,-74.006,2026-06-18 01:30:02
2371,Barcelona,22.6,Clear,41.3888,2.159,2026-06-18 01:30:02
2372,Miami,29.57,Clouds,25.7743,-80.1937,2026-06-18 01:30:02
2373,Lisbon,20.02,Clear,38.7167,-9.1333,2026-06-18 02:00:02
2374,Porto,17.88,Clouds,41.1496,-8.611,2026-06-18 02:00:02
2375,London,17.7,Clouds,51.5085,-0.1257,2026-06-18 02:00:02
2376,Paris,21.64,Clouds,48.8534,2.3488,2026-06-18 02:00:02
2377,Berlin,19.39,Clouds,52.5244,13.4105,2026-06-18 02:00:02
2378,Madrid,25.17,Clear,40.4165,-3.7026,2026-06-18 02:00:02
2379,Rome,26.13,Clear,34.257,-85.1647,2026-06-18 02:00:02
2380,New York,20.97,Clouds,40.7143,-74.006,2026-06-18 02:00:02
2381,Barcelona,22.55,Clear,41.3888,2.159,2026-06-18 02:00:02
2382,Miami,29.47,Clouds,25.7743,-80.1937,2026-06-18 02:00:02
2383,Lisbon,19.36,Clouds,38.7167,-9.1333,2026-06-18 02:30:02
2384,Porto,17.88,Clouds,41.1496,-8.611,2026-06-18 02:30:02
2385,London,17.6,Clouds,51.5085,-0.1257,2026-06-18 02:30:02
2386,Paris,20.55,Clouds,48.8534,2.3488,2026-06-18 02:30:02
2387,Berlin,19.39,Clouds,52.5244,13.4105,2026-06-18 02:30:02
2388,Madrid,24.69,Clear,40.4165,-3.7026,2026-06-18 02:30:02
2389,Rome,25.31,Clear,34.257,-85.1647,2026-06-18 02:30:02
2390,New York,20.75,Clouds,40.7143,-74.006,2026-06-18 02:30:02
2391,Barcelona,23.33,Clear,41.3888,2.159,2026-06-18 02:30:03
2392,Miami,29.39,Clouds,25.7743,-80.1937,2026-06-18 02:30:03
2393,Lisbon,18.73,Clouds,38.7167,-9.1333,2026-06-18 03:00:03
2394,Porto,17.99,Clear,41.1496,-8.611,2026-06-18 03:00:03
2395,London,17.33,Clouds,51.5085,-0.1257,2026-06-18 03:00:03
2396,Paris,20.69,Clouds,48.8534,2.3488,2026-06-18 03:00:03
2397,Berlin,19.53,Clouds,52.5244,13.4105,2026-06-18 03:00:03
2398,Madrid,24.08,Clear,40.4165,-3.7026,2026-06-18 03:00:03
2399,Rome,25.35,Clear,34.257,-85.1647,2026-06-18 03:00:03
2400,New York,20.64,Clouds,40.7143,-74.006,2026-06-18 03:00:03
2401,Barcelona,23.35,Clear,41.3888,2.159,2026-06-18 03:00:03
2402,Miami,29.06,Clouds,25.7743,-80.1937,2026-06-18 03:00:03
2403,Lisbon,17.97,Clouds,38.7167,-9.1333,2026-06-18 03:30:03
2404,Porto,17.86,Clear,41.1496,-8.611,2026-06-18 03:30:03
2405,London,17.21,Clouds,51.5085,-0.1257,2026-06-18 03:30:03
2406,Paris,19.54,Clouds,48.8534,2.3488,2026-06-18 03:30:03
2407,Berlin,19.41,Clouds,52.5244,13.4105,2026-06-18 03:30:03
2408,Madrid,23.35,Clear,40.4165,-3.7026,2026-06-18 03:30:03
2409,Rome,24.79,Clear,34.257,-85.1647,2026-06-18 03:30:03
2410,New York,20.61,Clouds,40.7143,-74.006,2026-06-18 03:30:03
2411,Barcelona,23.05,Clear,41.3888,2.159,2026-06-18 03:30:03
2412,Miami,29.07,Clouds,25.7743,-80.1937,2026-06-18 03:30:03
2413,Lisbon,17.33,Clouds,38.7167,-9.1333,2026-06-18 04:00:03
2414,Porto,17.64,Clear,41.1496,-8.611,2026-06-18 04:00:03
2415,London,17.16,Clouds,51.5085,-0.1257,2026-06-18 04:00:03
2416,Paris,19.06,Clouds,48.8534,2.3488,2026-06-18 04:00:03
2417,Berlin,18.74,Clouds,52.5244,13.4105,2026-06-18 04:00:03
2418,Madrid,23.51,Clear,40.4165,-3.7026,2026-06-18 04:00:03
2419,Rome,24.84,Clear,34.257,-85.1647,2026-06-18 04:00:03
2420,New York,20.44,Clouds,40.7143,-74.006,2026-06-18 04:00:03
2421,Barcelona,22.36,Clear,41.3888,2.159,2026-06-18 04:00:03
2422,Miami,28.85,Clouds,25.7743,-80.1937,2026-06-18 04:00:03
2423,Lisbon,17.11,Clouds,38.7167,-9.1333,2026-06-18 04:30:03
2424,Porto,17.33,Clear,41.1496,-8.611,2026-06-18 04:30:03
2425,London,17.05,Clouds,51.5085,-0.1257,2026-06-18 04:30:03
2426,Paris,18.61,Clouds,48.8534,2.3488,2026-06-18 04:30:03
2427,Berlin,18.81,Clouds,52.5244,13.4105,2026-06-18 04:30:03
2428,Madrid,23.4,Clear,40.4165,-3.7026,2026-06-18 04:30:03
2429,Rome,24.54,Clear,34.257,-85.1647,2026-06-18 04:30:03
2430,New York,20.31,Clouds,40.7143,-74.006,2026-06-18 04:30:03
2431,Barcelona,22.47,Clear,41.3888,2.159,2026-06-18 04:30:03
2432,Miami,28.33,Clouds,25.7743,-80.1937,2026-06-18 04:30:03
2433,Lisbon,16.84,Clouds,38.7167,-9.1333,2026-06-18 05:00:03
2434,Porto,17.28,Clear,41.1496,-8.611,2026-06-18 05:00:03
2435,London,17.22,Clouds,51.5085,-0.1257,2026-06-18 05:00:03
2436,Paris,18.13,Clouds,48.8534,2.3488,2026-06-18 05:00:03
2437,Berlin,19.47,Clouds,52.5244,13.4105,2026-06-18 05:00:03
2438,Madrid,23.39,Clear,40.4165,-3.7026,2026-06-18 05:00:03
2439,Rome,24.25,Clear,34.257,-85.1647,2026-06-18 05:00:04
2440,New York,20.31,Clouds,40.7143,-74.006,2026-06-18 05:00:04
2441,Barcelona,22.27,Clear,41.3888,2.159,2026-06-18 05:00:04
2442,Miami,28.31,Clouds,25.7743,-80.1937,2026-06-18 05:00:04
2443,Lisbon,16.63,Clouds,38.7167,-9.1333,2026-06-18 05:30:03
2444,Porto,17.24,Clear,41.1496,-8.611,2026-06-18 05:30:03
2445,London,17.23,Clouds,51.5085,-0.1257,2026-06-18 05:30:03
2446,Paris,17.51,Clouds,48.8534,2.3488,2026-06-18 05:30:03
2447,Berlin,19.7,Clouds,52.5244,13.4105,2026-06-18 05:30:03
2448,Madrid,22.6,Clear,40.4165,-3.7026,2026-06-18 05:30:03
2449,Rome,24.1,Clear,34.257,-85.1647,2026-06-18 05:30:03
2450,New York,20.48,Clouds,40.7143,-74.006,2026-06-18 05:30:04
2451,Barcelona,21.77,Clear,41.3888,2.159,2026-06-18 05:30:04
2452,Miami,28.1,Clouds,25.7743,-80.1937,2026-06-18 05:30:04
2453,Lisbon,16.29,Clouds,38.7167,-9.1333,2026-06-18 06:00:03
2454,Porto,17.13,Clouds,41.1496,-8.611,2026-06-18 06:00:03
2455,London,17.33,Clouds,51.5085,-0.1257,2026-06-18 06:00:03
2456,Paris,20,Clouds,48.8534,2.3488,2026-06-18 06:00:03
2457,Berlin,19.93,Clouds,52.5244,13.4105,2026-06-18 06:00:04
2458,Madrid,22.69,Clear,40.4165,-3.7026,2026-06-18 06:00:04
2459,Rome,24,Clear,34.257,-85.1647,2026-06-18 06:00:04
2460,New York,20.48,Clouds,40.7143,-74.006,2026-06-18 06:00:04
2461,Barcelona,21.89,Clear,41.3888,2.159,2026-06-18 06:00:04
2462,Miami,28.07,Clouds,25.7743,-80.1937,2026-06-18 06:00:04
2463,Lisbon,16.29,Clouds,38.7167,-9.1333,2026-06-18 06:30:04
2464,Porto,16.99,Clouds,41.1496,-8.611,2026-06-18 06:30:04
2465,London,17.51,Clouds,51.5085,-0.1257,2026-06-18 06:30:04
2466,Paris,20.24,Clouds,48.8534,2.3488,2026-06-18 06:30:04
2467,Berlin,20.39,Clouds,52.5244,13.4105,2026-06-18 06:30:04
2468,Madrid,22.17,Clear,40.4165,-3.7026,2026-06-18 06:30:04
2469,Rome,23.85,Clear,34.257,-85.1647,2026-06-18 06:30:04
2470,New York,20.47,Clouds,40.7143,-74.006,2026-06-18 06:30:04
2471,Barcelona,23.17,Clear,41.3888,2.159,2026-06-18 06:30:04
2472,Miami,28.01,Clouds,25.7743,-80.1937,2026-06-18 06:30:04
2473,Lisbon,16.29,Clouds,38.7167,-9.1333,2026-06-18 07:00:03
2474,Porto,17.84,Clouds,41.1496,-8.611,2026-06-18 07:00:03
2475,London,17.75,Clouds,51.5085,-0.1257,2026-06-18 07:00:03
2476,Paris,21.69,Clouds,48.8534,2.3488,2026-06-18 07:00:03
2477,Berlin,20.94,Clouds,52.5244,13.4105,2026-06-18 07:00:04
2478,Madrid,21.63,Clear,40.4165,-3.7026,2026-06-18 07:00:04
2479,Rome,23.47,Clear,34.257,-85.1647,2026-06-18 07:00:04
2480,New York,20.53,Clouds,40.7143,-74.006,2026-06-18 07:00:04
2481,Barcelona,24.65,Clear,41.3888,2.159,2026-06-18 07:00:04
2482,Miami,27.45,Clouds,25.7743,-80.1937,2026-06-18 07:00:04
2483,Lisbon,16.44,Clouds,38.7167,-9.1333,2026-06-18 07:30:04
2484,Porto,19.76,Clouds,41.1496,-8.611,2026-06-18 07:30:04
2485,London,17.82,Clouds,51.5085,-0.1257,2026-06-18 07:30:04
2486,Paris,22.16,Clouds,48.8534,2.3488,2026-06-18 07:30:04
2487,Berlin,21.42,Clouds,52.5244,13.4105,2026-06-18 07:30:04
2488,Madrid,22.07,Clear,40.4165,-3.7026,2026-06-18 07:30:04
2489,Rome,23.62,Clear,34.257,-85.1647,2026-06-18 07:30:04
2490,New York,20.53,Clouds,40.7143,-74.006,2026-06-18 07:30:04
2491,Barcelona,24.99,Clear,41.3888,2.159,2026-06-18 07:30:04
2492,Miami,27.61,Clouds,25.7743,-80.1937,2026-06-18 07:30:05
2493,Lisbon,17.29,Clouds,38.7167,-9.1333,2026-06-18 08:00:04
2494,Porto,19.81,Clouds,41.1496,-8.611,2026-06-18 08:00:04
2495,London,18.3,Clouds,51.5085,-0.1257,2026-06-18 08:00:04
2496,Paris,22.9,Clear,48.8534,2.3488,2026-06-18 08:00:04
2497,Berlin,21.47,Clouds,52.5244,13.4105,2026-06-18 08:00:04
2498,Madrid,23.21,Clear,40.4165,-3.7026,2026-06-18 08:00:04
2499,Rome,23.69,Clear,34.257,-85.1647,2026-06-18 08:00:04
2500,New York,20.54,Rain,40.7143,-74.006,2026-06-18 08:00:04
2501,Barcelona,26.26,Clear,41.3888,2.159,2026-06-18 08:00:04
2502,Miami,27.45,Clouds,25.7743,-80.1937,2026-06-18 08:00:04
2503,Lisbon,18.4,Clouds,38.7167,-9.1333,2026-06-18 08:30:04
2504,Porto,19.64,Clouds,41.1496,-8.611,2026-06-18 08:30:04
2505,London,18.52,Clouds,51.5085,-0.1257,2026-06-18 08:30:04
2506,Paris,23.68,Clear,48.8534,2.3488,2026-06-18 08:30:04
2507,Berlin,22.69,Clouds,52.5244,13.4105,2026-06-18 08:30:04
2508,Madrid,23.99,Clear,40.4165,-3.7026,2026-06-18 08:30:04
2509,Rome,23.69,Clear,34.257,-85.1647,2026-06-18 08:30:04
2510,New York,20.56,Rain,40.7143,-74.006,2026-06-18 08:30:04
2511,Barcelona,26.82,Clear,41.3888,2.159,2026-06-18 08:30:04
2512,Miami,26.99,Clouds,25.7743,-80.1937,2026-06-18 08:30:04
2513,Lisbon,21.05,Clouds,38.7167,-9.1333,2026-06-18 09:00:04
2514,Porto,20.97,Clouds,41.1496,-8.611,2026-06-18 09:00:04
2515,London,18.79,Clouds,51.5085,-0.1257,2026-06-18 09:00:04
2516,Paris,25.32,Clear,48.8534,2.3488,2026-06-18 09:00:04
2517,Berlin,23.19,Clouds,52.5244,13.4105,2026-06-18 09:00:04
2518,Madrid,25.12,Clear,40.4165,-3.7026,2026-06-18 09:00:04
2519,Rome,23.69,Clouds,34.257,-85.1647,2026-06-18 09:00:04
2520,New York,20.53,Clouds,40.7143,-74.006,2026-06-18 09:00:04
2521,Barcelona,27.63,Clear,41.3888,2.159,2026-06-18 09:00:04
2522,Miami,27.24,Clouds,25.7743,-80.1937,2026-06-18 09:00:04
2523,Lisbon,22.53,Clouds,38.7167,-9.1333,2026-06-18 09:30:04
2524,Porto,21.34,Clouds,41.1496,-8.611,2026-06-18 09:30:04
2525,London,19.32,Clouds,51.5085,-0.1257,2026-06-18 09:30:04
2526,Paris,26.27,Clear,48.8534,2.3488,2026-06-18 09:30:04
2527,Berlin,24.06,Clouds,52.5244,13.4105,2026-06-18 09:30:04
2528,Madrid,25.69,Clear,40.4165,-3.7026,2026-06-18 09:30:04
2529,Rome,23.87,Clouds,34.257,-85.1647,2026-06-18 09:30:05
2530,New York,20.44,Clouds,40.7143,-74.006,2026-06-18 09:30:05
2531,Barcelona,27.75,Clear,41.3888,2.159,2026-06-18 09:30:05
2532,Miami,27.02,Clouds,25.7743,-80.1937,2026-06-18 09:30:05
2533,Lisbon,23.01,Clouds,38.7167,-9.1333,2026-06-18 10:00:05
2534,Porto,22.91,Clouds,41.1496,-8.611,2026-06-18 10:00:05
2535,London,19.73,Clouds,51.5085,-0.1257,2026-06-18 10:00:05
2536,Paris,29.07,Clear,48.8534,2.3488,2026-06-18 10:00:05
2537,Berlin,24.26,Clouds,52.5244,13.4105,2026-06-18 10:00:05
2538,Madrid,26.5,Clear,40.4165,-3.7026,2026-06-18 10:00:05
2539,Rome,24.15,Clouds,34.257,-85.1647,2026-06-18 10:00:05
2540,New York,20.32,Clouds,40.7143,-74.006,2026-06-18 10:00:05
2541,Barcelona,27.51,Clear,41.3888,2.159,2026-06-18 10:00:05
2542,Miami,27.2,Clouds,25.7743,-80.1937,2026-06-18 10:00:05
2543,Lisbon,24.51,Clouds,38.7167,-9.1333,2026-06-18 10:30:04
2544,Porto,23.83,Clouds,41.1496,-8.611,2026-06-18 10:30:04
2545,London,20.08,Clouds,51.5085,-0.1257,2026-06-18 10:30:05
2546,Paris,29.1,Clear,48.8534,2.3488,2026-06-18 10:30:05
2547,Berlin,25.1,Clouds,52.5244,13.4105,2026-06-18 10:30:05
2548,Madrid,27.67,Clear,40.4165,-3.7026,2026-06-18 10:30:05
2549,Rome,24.08,Clouds,34.257,-85.1647,2026-06-18 10:30:05
2550,New York,20.31,Clouds,40.7143,-74.006,2026-06-18 10:30:05
2551,Barcelona,27.68,Clear,41.3888,2.159,2026-06-18 10:30:05
2552,Miami,27.4,Clouds,25.7743,-80.1937,2026-06-18 10:30:05
2553,Lisbon,23.28,Clouds,38.7167,-9.1333,2026-06-18 11:00:05
2554,Porto,24.11,Clouds,41.1496,-8.611,2026-06-18 11:00:05
2555,London,21.45,Clouds,51.5085,-0.1257,2026-06-18 11:00:05
2556,Paris,30.85,Clear,48.8534,2.3488,2026-06-18 11:00:05
2557,Berlin,24.86,Clouds,52.5244,13.4105,2026-06-18 11:00:05
2558,Madrid,27.85,Clear,40.4165,-3.7026,2026-06-18 11:00:05
2559,Rome,24.22,Clouds,34.257,-85.1647,2026-06-18 11:00:05
2560,New York,20.34,Rain,40.7143,-74.006,2026-06-18 11:00:05
2561,Barcelona,27.44,Clear,41.3888,2.159,2026-06-18 11:00:05
2562,Miami,27.53,Clouds,25.7743,-80.1937,2026-06-18 11:00:05
2563,Lisbon,25.29,Clouds,38.7167,-9.1333,2026-06-18 11:30:05
2564,Porto,24.13,Clouds,41.1496,-8.611,2026-06-18 11:30:05
2565,London,22.03,Clouds,51.5085,-0.1257,2026-06-18 11:30:05
2566,Paris,32.83,Clear,48.8534,2.3488,2026-06-18 11:30:05
2567,Berlin,25.58,Clouds,52.5244,13.4105,2026-06-18 11:30:05
2568,Madrid,28.71,Clear,40.4165,-3.7026,2026-06-18 11:30:05
2569,Rome,24.45,Clouds,34.257,-85.1647,2026-06-18 11:30:05
2570,New York,20.67,Rain,40.7143,-74.006,2026-06-18 11:30:05
2571,Barcelona,27.45,Clear,41.3888,2.159,2026-06-18 11:30:05
2572,Miami,27.53,Clouds,25.7743,-80.1937,2026-06-18 11:30:05
2573,Lisbon,23.21,Clouds,38.7167,-9.1333,2026-06-18 12:00:04
2574,Porto,25.12,Clouds,41.1496,-8.611,2026-06-18 12:00:04
2575,London,23.01,Clouds,51.5085,-0.1257,2026-06-18 12:00:04
2576,Paris,34.89,Clear,48.8534,2.3488,2026-06-18 12:00:04
2577,Berlin,25.93,Clouds,52.5244,13.4105,2026-06-18 12:00:04
2578,Madrid,29.19,Clear,40.4165,-3.7026,2026-06-18 12:00:04
2579,Rome,23.62,Clouds,34.257,-85.1647,2026-06-18 12:00:04
2580,New York,20.79,Rain,40.7143,-74.006,2026-06-18 12:00:04
2581,Barcelona,27.52,Clear,41.3888,2.159,2026-06-18 12:00:04
2582,Miami,27.51,Clouds,25.7743,-80.1937,2026-06-18 12:00:05
2583,Lisbon,28.93,Clouds,38.7167,-9.1333,2026-06-18 12:30:04
2584,Porto,25.18,Clouds,41.1496,-8.611,2026-06-18 12:30:04
2585,London,23.48,Clouds,51.5085,-0.1257,2026-06-18 12:30:04
2586,Paris,35.68,Clear,48.8534,2.3488,2026-06-18 12:30:05
2587,Berlin,27.73,Clouds,52.5244,13.4105,2026-06-18 12:30:05
2588,Madrid,29.82,Clear,40.4165,-3.7026,2026-06-18 12:30:05
2589,Rome,23.68,Clouds,34.257,-85.1647,2026-06-18 12:30:05
2590,New York,21.18,Rain,40.7143,-74.006,2026-06-18 12:30:05
2591,Barcelona,27.96,Clear,41.3888,2.159,2026-06-18 12:30:05
2592,Miami,28.03,Clouds,25.7743,-80.1937,2026-06-18 12:30:05
2593,Lisbon,26.42,Clouds,38.7167,-9.1333,2026-06-18 13:00:05
2594,Porto,24.15,Clouds,41.1496,-8.611,2026-06-18 13:00:05
2595,London,24.53,Clouds,51.5085,-0.1257,2026-06-18 13:00:05
2596,Paris,35.93,Clear,48.8534,2.3488,2026-06-18 13:00:05
2597,Berlin,28.13,Clouds,52.5244,13.4105,2026-06-18 13:00:05
2598,Madrid,30.9,Clear,40.4165,-3.7026,2026-06-18 13:00:05
2599,Rome,24.3,Clouds,34.257,-85.1647,2026-06-18 13:00:05
2600,New York,21.36,Clouds,40.7143,-74.006,2026-06-18 13:00:05
2601,Barcelona,27.62,Clear,41.3888,2.159,2026-06-18 13:00:05
2602,Miami,28.69,Clouds,25.7743,-80.1937,2026-06-18 13:00:05
2603,Lisbon,27.53,Clouds,38.7167,-9.1333,2026-06-18 13:30:05
2604,Porto,25.2,Clouds,41.1496,-8.611,2026-06-18 13:30:05
2605,London,25.33,Clouds,51.5085,-0.1257,2026-06-18 13:30:05
2606,Paris,35.78,Clear,48.8534,2.3488,2026-06-18 13:30:05
2607,Berlin,27.51,Clouds,52.5244,13.4105,2026-06-18 13:30:05
2608,Madrid,31.32,Clear,40.4165,-3.7026,2026-06-18 13:30:05
2609,Rome,24.93,Clouds,34.257,-85.1647,2026-06-18 13:30:05
2610,New York,21.88,Clouds,40.7143,-74.006,2026-06-18 13:30:05
2611,Barcelona,27.7,Clear,41.3888,2.159,2026-06-18 13:30:05
2612,Miami,29.69,Clouds,25.7743,-80.1937,2026-06-18 13:30:05
2613,Lisbon,27.53,Clear,38.7167,-9.1333,2026-06-18 14:00:05
2614,Porto,20.5,Clouds,41.1496,-8.611,2026-06-18 14:00:05
2615,London,25.8,Clouds,51.5085,-0.1257,2026-06-18 14:00:05
2616,Paris,36.88,Clear,48.8534,2.3488,2026-06-18 14:00:05
2617,Berlin,27.63,Clouds,52.5244,13.4105,2026-06-18 14:00:05
2618,Madrid,32.08,Clear,40.4165,-3.7026,2026-06-18 14:00:05
2619,Rome,25.45,Clouds,34.257,-85.1647,2026-06-18 14:00:05
2620,New York,22.24,Clouds,40.7143,-74.006,2026-06-18 14:00:05
2621,Barcelona,27.19,Clear,41.3888,2.159,2026-06-18 14:00:05
2622,Miami,30.35,Clouds,25.7743,-80.1937,2026-06-18 14:00:05
2623,Lisbon,29.79,Clear,38.7167,-9.1333,2026-06-18 14:30:05
2624,Porto,19.94,Clouds,41.1496,-8.611,2026-06-18 14:30:05
2625,London,25.47,Clouds,51.5085,-0.1257,2026-06-18 14:30:05
2626,Paris,35.08,Clear,48.8534,2.3488,2026-06-18 14:30:05
2627,Berlin,27.54,Clouds,52.5244,13.4105,2026-06-18 14:30:05
2628,Madrid,32.19,Clear,40.4165,-3.7026,2026-06-18 14:30:05
2629,Rome,26.01,Clouds,34.257,-85.1647,2026-06-18 14:30:05
2630,New York,22.56,Clouds,40.7143,-74.006,2026-06-18 14:30:05
2631,Barcelona,27.71,Clouds,41.3888,2.159,2026-06-18 14:30:05
2632,Miami,30.65,Clouds,25.7743,-80.1937,2026-06-18 14:30:06
2633,Lisbon,29.79,Clear,38.7167,-9.1333,2026-06-18 15:00:06
2634,Porto,19.94,Clouds,41.1496,-8.611,2026-06-18 15:00:06
2635,London,25.02,Clouds,51.5085,-0.1257,2026-06-18 15:00:06
2636,Paris,35.3,Clouds,48.8534,2.3488,2026-06-18 15:00:06
2637,Berlin,28.01,Clouds,52.5244,13.4105,2026-06-18 15:00:06
2638,Madrid,32.68,Clear,40.4165,-3.7026,2026-06-18 15:00:06
2639,Rome,26.88,Rain,34.257,-85.1647,2026-06-18 15:00:06
2640,New York,23,Clouds,40.7143,-74.006,2026-06-18 15:00:06
2641,Barcelona,27.86,Clouds,41.3888,2.159,2026-06-18 15:00:06
2642,Miami,31.63,Clouds,25.7743,-80.1937,2026-06-18 15:00:06
2643,Lisbon,29.19,Clear,38.7167,-9.1333,2026-06-18 15:30:06
2644,Porto,19.94,Clouds,41.1496,-8.611,2026-06-18 15:30:06
2645,London,24.9,Clouds,51.5085,-0.1257,2026-06-18 15:30:06
2646,Paris,36.13,Clouds,48.8534,2.3488,2026-06-18 15:30:06
2647,Berlin,28.13,Clouds,52.5244,13.4105,2026-06-18 15:30:06
2648,Madrid,32.68,Clear,40.4165,-3.7026,2026-06-18 15:30:06
2649,Rome,27.12,Rain,34.257,-85.1647,2026-06-18 15:30:06
2650,New York,23.93,Clouds,40.7143,-74.006,2026-06-18 15:30:06
2651,Barcelona,27.93,Clouds,41.3888,2.159,2026-06-18 15:30:06
2652,Miami,31.85,Clouds,25.7743,-80.1937,2026-06-18 15:30:06
2653,Lisbon,29.19,Clear,38.7167,-9.1333,2026-06-18 16:00:03
2654,Porto,19.92,Clouds,41.1496,-8.611,2026-06-18 16:00:03
2655,London,24.16,Rain,51.5085,-0.1257,2026-06-18 16:00:03
2656,Paris,35.84,Clouds,48.8534,2.3488,2026-06-18 16:00:03
2657,Berlin,29.22,Clouds,52.5244,13.4105,2026-06-18 16:00:04
2658,Madrid,33.28,Clear,40.4165,-3.7026,2026-06-18 16:00:04
2659,Rome,27.26,Rain,34.257,-85.1647,2026-06-18 16:00:04
2660,New York,24.76,Clouds,40.7143,-74.006,2026-06-18 16:00:04
2661,Barcelona,27.41,Clouds,41.3888,2.159,2026-06-18 16:00:04
2662,Miami,32.65,Clouds,25.7743,-80.1937,2026-06-18 16:00:04
2663,Lisbon,29.19,Clear,38.7167,-9.1333,2026-06-18 16:30:05
2664,Porto,19.92,Clouds,41.1496,-8.611,2026-06-18 16:30:05
2665,London,23.25,Clouds,51.5085,-0.1257,2026-06-18 16:30:05
2666,Paris,35.8,Clouds,48.8534,2.3488,2026-06-18 16:30:05
2667,Berlin,28.71,Clouds,52.5244,13.4105,2026-06-18 16:30:05
2668,Madrid,32.96,Clear,40.4165,-3.7026,2026-06-18 16:30:05
2669,Rome,27.71,Rain,34.257,-85.1647,2026-06-18 16:30:05
2670,New York,25.38,Clouds,40.7143,-74.006,2026-06-18 16:30:05
2671,Barcelona,26.73,Clouds,41.3888,2.159,2026-06-18 16:30:05
2672,Miami,32.96,Clouds,25.7743,-80.1937,2026-06-18 16:30:05
2673,Lisbon,28.64,Clear,38.7167,-9.1333,2026-06-18 17:00:04
2674,Porto,19.85,Clouds,41.1496,-8.611,2026-06-18 17:00:04
2675,London,22.9,Clouds,51.5085,-0.1257,2026-06-18 17:00:04
2676,Paris,35.34,Clouds,48.8534,2.3488,2026-06-18 17:00:04
2677,Berlin,28.84,Clouds,52.5244,13.4105,2026-06-18 17:00:04
2678,Madrid,33.42,Clear,40.4165,-3.7026,2026-06-18 17:00:04
2679,Rome,28.63,Rain,34.257,-85.1647,2026-06-18 17:00:04
2680,New York,26.57,Clouds,40.7143,-74.006,2026-06-18 17:00:04
2681,Barcelona,26.69,Clouds,41.3888,2.159,2026-06-18 17:00:04
2682,Miami,33.12,Clouds,25.7743,-80.1937,2026-06-18 17:00:04
2683,Lisbon,26.64,Clear,38.7167,-9.1333,2026-06-18 18:00:02
2684,Porto,19.51,Clouds,41.1496,-8.611,2026-06-18 18:00:02
2685,London,23.65,Clouds,51.5085,-0.1257,2026-06-18 18:00:02
2686,Paris,33.72,Rain,48.8534,2.3488,2026-06-18 18:00:02
2687,Berlin,28.02,Clouds,52.5244,13.4105,2026-06-18 18:00:02
2688,Madrid,33.52,Clear,40.4165,-3.7026,2026-06-18 18:00:02
2689,Rome,26.7,Rain,34.257,-85.1647,2026-06-18 18:00:02
2690,New York,27.39,Clouds,40.7143,-74.006,2026-06-18 18:00:02
2691,Barcelona,26.83,Clouds,41.3888,2.159,2026-06-18 18:00:02
2692,Miami,33.43,Clouds,25.7743,-80.1937,2026-06-18 18:00:02
2693,Lisbon,25.98,Clouds,38.7167,-9.1333,2026-06-18 19:00:01
2694,Porto,19.09,Clouds,41.1496,-8.611,2026-06-18 19:00:01
2695,London,23.86,Clouds,51.5085,-0.1257,2026-06-18 19:00:01
2696,Paris,26.7,Rain,48.8534,2.3488,2026-06-18 19:00:01
2697,Berlin,27.11,Clouds,52.5244,13.4105,2026-06-18 19:00:01
2698,Madrid,32.77,Clear,40.4165,-3.7026,2026-06-18 19:00:01
2699,Rome,26.17,Rain,34.257,-85.1647,2026-06-18 19:00:01
2700,New York,29.31,Clouds,40.7143,-74.006,2026-06-18 19:00:01
2701,Barcelona,26.3,Clouds,41.3888,2.159,2026-06-18 19:00:01
2702,Miami,33.66,Clouds,25.7743,-80.1937,2026-06-18 19:00:01
2703,Lisbon,25.15,Clear,38.7167,-9.1333,2026-06-18 20:00:02
2704,Porto,18.56,Clouds,41.1496,-8.611,2026-06-18 20:00:02
2705,London,23.85,Clouds,51.5085,-0.1257,2026-06-18 20:00:02
2706,Paris,25.68,Rain,48.8534,2.3488,2026-06-18 20:00:02
2707,Berlin,26.13,Clouds,52.5244,13.4105,2026-06-18 20:00:02
2708,Madrid,32.22,Clouds,40.4165,-3.7026,2026-06-18 20:00:02
2709,Rome,24.38,Rain,34.257,-85.1647,2026-06-18 20:00:02
2710,New York,30.55,Clouds,40.7143,-74.006,2026-06-18 20:00:02
2711,Barcelona,25.53,Clear,41.3888,2.159,2026-06-18 20:00:02
2712,Miami,33.02,Clouds,25.7743,-80.1937,2026-06-18 20:00:03
2713,Lisbon,22.15,Clear,38.7167,-9.1333,2026-06-18 21:00:01
2714,Porto,17.68,Clouds,41.1496,-8.611,2026-06-18 21:00:01
2715,London,22.92,Clouds,51.5085,-0.1257,2026-06-18 21:00:01
2716,Paris,25.68,Clouds,48.8534,2.3488,2026-06-18 21:00:01
2717,Berlin,24.22,Clouds,52.5244,13.4105,2026-06-18 21:00:01
2718,Madrid,31.15,Clouds,40.4165,-3.7026,2026-06-18 21:00:02
2719,Rome,24.35,Rain,34.257,-85.1647,2026-06-18 21:00:02
2720,New York,30.99,Clouds,40.7143,-74.006,2026-06-18 21:00:02
2721,Barcelona,25.36,Clear,41.3888,2.159,2026-06-18 21:00:02
2722,Miami,32.42,Clouds,25.7743,-80.1937,2026-06-18 21:00:02
2723,Lisbon,20.14,Clear,38.7167,-9.1333,2026-06-18 22:00:01
2724,Porto,18.21,Clouds,41.1496,-8.611,2026-06-18 22:00:01
2725,London,21.69,Clouds,51.5085,-0.1257,2026-06-18 22:00:01
2726,Paris,24.56,Clouds,48.8534,2.3488,2026-06-18 22:00:01
2727,Berlin,23.26,Clouds,52.5244,13.4105,2026-06-18 22:00:01
2728,Madrid,29.74,Clouds,40.4165,-3.7026,2026-06-18 22:00:01
2729,Rome,22.78,Rain,34.257,-85.1647,2026-06-18 22:00:01
2730,New York,31.36,Clouds,40.7143,-74.006,2026-06-18 22:00:01
2731,Barcelona,23.93,Clear,41.3888,2.159,2026-06-18 22:00:02
2732,Miami,32.04,Clouds,25.7743,-80.1937,2026-06-18 22:00:02
2733,Lisbon,18.62,Clear,38.7167,-9.1333,2026-06-18 23:00:01
2734,Porto,17.47,Clouds,41.1496,-8.611,2026-06-18 23:00:01
2735,London,20.65,Clouds,51.5085,-0.1257,2026-06-18 23:00:01
2736,Paris,23.3,Clouds,48.8534,2.3488,2026-06-18 23:00:01
2737,Berlin,21.83,Clouds,52.5244,13.4105,2026-06-18 23:00:01
2738,Madrid,29.03,Clouds,40.4165,-3.7026,2026-06-18 23:00:01
2739,Rome,23.05,Rain,34.257,-85.1647,2026-06-18 23:00:01
2740,New York,31.18,Clouds,40.7143,-74.006,2026-06-18 23:00:01
2741,Barcelona,23.7,Clear,41.3888,2.159,2026-06-18 23:00:02
2742,Miami,31.69,Clouds,25.7743,-80.1937,2026-06-18 23:00:02
2743,Lisbon,18.13,Clear,38.7167,-9.1333,2026-06-19 00:00:02
2744,Porto,15.88,Clouds,41.1496,-8.611,2026-06-19 00:00:02
2745,London,20.11,Clouds,51.5085,-0.1257,2026-06-19 00:00:02
2746,Paris,22.96,Clouds,48.8534,2.3488,2026-06-19 00:00:02
2747,Berlin,20.49,Clouds,52.5244,13.4105,2026-06-19 00:00:02
2748,Madrid,27.94,Clouds,40.4165,-3.7026,2026-06-19 00:00:02
2749,Rome,23.05,Rain,34.257,-85.1647,2026-06-19 00:00:02
2750,New York,30.48,Clouds,40.7143,-74.006,2026-06-19 00:00:02
2751,Barcelona,23.96,Clouds,41.3888,2.159,2026-06-19 00:00:02
2752,Miami,31.06,Clouds,25.7743,-80.1937,2026-06-19 00:00:03
2753,Lisbon,17.58,Clouds,38.7167,-9.1333,2026-06-19 01:00:03
2754,Porto,14.95,Clouds,41.1496,-8.611,2026-06-19 01:00:03
2755,London,19.12,Clouds,51.5085,-0.1257,2026-06-19 01:00:03
2756,Paris,22.33,Clouds,48.8534,2.3488,2026-06-19 01:00:03
2757,Berlin,19.63,Clouds,52.5244,13.4105,2026-06-19 01:00:03
2758,Madrid,27,Clouds,40.4165,-3.7026,2026-06-19 01:00:03
2759,Rome,22.9,Rain,34.257,-85.1647,2026-06-19 01:00:03
2760,New York,29.76,Clouds,40.7143,-74.006,2026-06-19 01:00:03
2761,Barcelona,24,Clouds,41.3888,2.159,2026-06-19 01:00:03
2762,Miami,30.32,Clouds,25.7743,-80.1937,2026-06-19 01:00:03
2763,Lisbon,17.58,Clouds,38.7167,-9.1333,2026-06-19 02:00:04
2764,Porto,14.01,Clear,41.1496,-8.611,2026-06-19 02:00:04
2765,London,18.49,Clear,51.5085,-0.1257,2026-06-19 02:00:04
2766,Paris,22.89,Clouds,48.8534,2.3488,2026-06-19 02:00:04
2767,Berlin,19.95,Clouds,52.5244,13.4105,2026-06-19 02:00:04
2768,Madrid,25.91,Clouds,40.4165,-3.7026,2026-06-19 02:00:04
2769,Rome,22.9,Rain,34.257,-85.1647,2026-06-19 02:00:04
2770,New York,28.51,Clear,40.7143,-74.006,2026-06-19 02:00:04
2771,Barcelona,23.54,Clouds,41.3888,2.159,2026-06-19 02:00:04
2772,Miami,29.66,Clouds,25.7743,-80.1937,2026-06-19 02:00:04
2773,Lisbon,17.02,Clouds,38.7167,-9.1333,2026-06-19 03:00:03
2774,Porto,13.89,Clear,41.1496,-8.611,2026-06-19 03:00:03
2775,London,17.89,Clear,51.5085,-0.1257,2026-06-19 03:00:03
2776,Paris,22.36,Clouds,48.8534,2.3488,2026-06-19 03:00:03
2777,Berlin,18.4,Clouds,52.5244,13.4105,2026-06-19 03:00:03
2778,Madrid,25.28,Clouds,40.4165,-3.7026,2026-06-19 03:00:03
2779,Rome,22.68,Rain,34.257,-85.1647,2026-06-19 03:00:03
2780,New York,27.5,Clear,40.7143,-74.006,2026-06-19 03:00:03
2781,Barcelona,23.16,Clouds,41.3888,2.159,2026-06-19 03:00:03
2782,Miami,29.52,Clouds,25.7743,-80.1937,2026-06-19 03:00:03
2783,Lisbon,17.06,Clouds,38.7167,-9.1333,2026-06-19 04:00:04
2784,Porto,13.55,Clear,41.1496,-8.611,2026-06-19 04:00:04
2785,London,17.41,Clear,51.5085,-0.1257,2026-06-19 04:00:04
2786,Paris,20.63,Clouds,48.8534,2.3488,2026-06-19 04:00:04
2787,Berlin,18.84,Clouds,52.5244,13.4105,2026-06-19 04:00:04
2788,Madrid,23.84,Clouds,40.4165,-3.7026,2026-06-19 04:00:04
2789,Rome,22.58,Rain,34.257,-85.1647,2026-06-19 04:00:04
2790,New York,26.99,Clear,40.7143,-74.006,2026-06-19 04:00:04
2791,Barcelona,23.54,Clouds,41.3888,2.159,2026-06-19 04:00:04
2792,Miami,29.14,Clouds,25.7743,-80.1937,2026-06-19 04:00:04
2793,Lisbon,17.06,Clouds,38.7167,-9.1333,2026-06-19 05:00:04
2794,Porto,13.19,Clear,41.1496,-8.611,2026-06-19 05:00:04
2795,London,16.51,Clear,51.5085,-0.1257,2026-06-19 05:00:04
2796,Paris,20.42,Clouds,48.8534,2.3488,2026-06-19 05:00:04
2797,Berlin,19.01,Clouds,52.5244,13.4105,2026-06-19 05:00:04
2798,Madrid,23.48,Clouds,40.4165,-3.7026,2026-06-19 05:00:04
2799,Rome,22.48,Rain,34.257,-85.1647,2026-06-19 05:00:04
2800,New York,26.33,Clouds,40.7143,-74.006,2026-06-19 05:00:04
2801,Barcelona,23.09,Clouds,41.3888,2.159,2026-06-19 05:00:04
2802,Miami,28.89,Clouds,25.7743,-80.1937,2026-06-19 05:00:04
2803,Lisbon,16.65,Clouds,38.7167,-9.1333,2026-06-19 06:00:04
2804,Porto,13.22,Clear,41.1496,-8.611,2026-06-19 06:00:04
2805,London,16.64,Clear,51.5085,-0.1257,2026-06-19 06:00:04
2806,Paris,21.38,Clouds,48.8534,2.3488,2026-06-19 06:00:04
2807,Berlin,19.64,Clouds,52.5244,13.4105,2026-06-19 06:00:04
2808,Madrid,22.69,Clouds,40.4165,-3.7026,2026-06-19 06:00:04
2809,Rome,22.47,Rain,34.257,-85.1647,2026-06-19 06:00:04
2810,New York,25.99,Clouds,40.7143,-74.006,2026-06-19 06:00:04
2811,Barcelona,22.92,Clouds,41.3888,2.159,2026-06-19 06:00:04
2812,Miami,28.76,Clouds,25.7743,-80.1937,2026-06-19 06:00:04
2813,Lisbon,16.68,Clouds,38.7167,-9.1333,2026-06-19 07:00:04
2814,Porto,14,Clear,41.1496,-8.611,2026-06-19 07:00:05
2815,London,18.08,Clear,51.5085,-0.1257,2026-06-19 07:00:05
2816,Paris,22.57,Clouds,48.8534,2.3488,2026-06-19 07:00:05
2817,Berlin,21.43,Clouds,52.5244,13.4105,2026-06-19 07:00:05
2818,Madrid,23.43,Clouds,40.4165,-3.7026,2026-06-19 07:00:05
2819,Rome,22.57,Clouds,34.257,-85.1647,2026-06-19 07:00:05
2820,New York,25.4,Clouds,40.7143,-74.006,2026-06-19 07:00:05
2821,Barcelona,23.84,Clouds,41.3888,2.159,2026-06-19 07:00:05
2822,Miami,28.64,Clouds,25.7743,-80.1937,2026-06-19 07:00:05
2823,Lisbon,17.14,Clear,38.7167,-9.1333,2026-06-19 08:00:04
2824,Porto,16.35,Clear,41.1496,-8.611,2026-06-19 08:00:04
2825,London,19.8,Clear,51.5085,-0.1257,2026-06-19 08:00:04
2826,Paris,24.07,Clouds,48.8534,2.3488,2026-06-19 08:00:04
2827,Berlin,23.28,Clouds,52.5244,13.4105,2026-06-19 08:00:04
2828,Madrid,24,Clear,40.4165,-3.7026,2026-06-19 08:00:04
2829,Rome,22.42,Clouds,34.257,-85.1647,2026-06-19 08:00:04
2830,New York,24.33,Clouds,40.7143,-74.006,2026-06-19 08:00:05
2831,Barcelona,25.19,Clear,41.3888,2.159,2026-06-19 08:00:05
2832,Miami,28.03,Clouds,25.7743,-80.1937,2026-06-19 08:00:05
2833,Lisbon,21.59,Clear,38.7167,-9.1333,2026-06-19 09:00:03
2834,Porto,19.27,Clear,41.1496,-8.611,2026-06-19 09:00:03
2835,London,22.04,Clear,51.5085,-0.1257,2026-06-19 09:00:03
2836,Paris,27.3,Clear,48.8534,2.3488,2026-06-19 09:00:03
2837,Berlin,26.4,Clouds,52.5244,13.4105,2026-06-19 09:00:03
2838,Madrid,25.25,Clear,40.4165,-3.7026,2026-06-19 09:00:03
2839,Rome,22.32,Rain,34.257,-85.1647,2026-06-19 09:00:03
2840,New York,23.49,Clouds,40.7143,-74.006,2026-06-19 09:00:03
2841,Barcelona,26.33,Clouds,41.3888,2.159,2026-06-19 09:00:03
2842,Miami,27.9,Clouds,25.7743,-80.1937,2026-06-19 09:00:03
2843,Lisbon,22.84,Clear,38.7167,-9.1333,2026-06-19 10:00:04
2844,Porto,23.04,Clear,41.1496,-8.611,2026-06-19 10:00:04
2845,London,24.52,Clear,51.5085,-0.1257,2026-06-19 10:00:04
2846,Paris,29.56,Clear,48.8534,2.3488,2026-06-19 10:00:04
2847,Berlin,26.68,Clouds,52.5244,13.4105,2026-06-19 10:00:04
2848,Madrid,27.19,Clear,40.4165,-3.7026,2026-06-19 10:00:04
2849,Rome,22.45,Clouds,34.257,-85.1647,2026-06-19 10:00:04
2850,New York,22.74,Clouds,40.7143,-74.006,2026-06-19 10:00:04
2851,Barcelona,27.73,Clouds,41.3888,2.159,2026-06-19 10:00:04
2852,Miami,27.75,Clouds,25.7743,-80.1937,2026-06-19 10:00:05
2853,Lisbon,22.69,Clear,38.7167,-9.1333,2026-06-19 11:00:04
2854,Porto,23.04,Clear,41.1496,-8.611,2026-06-19 11:00:04
2855,London,26.08,Clear,51.5085,-0.1257,2026-06-19 11:00:04
2856,Paris,31.24,Clear,48.8534,2.3488,2026-06-19 11:00:04
2857,Berlin,29.18,Rain,52.5244,13.4105,2026-06-19 11:00:04
2858,Madrid,28.54,Clear,40.4165,-3.7026,2026-06-19 11:00:04
2859,Rome,22.42,Clouds,34.257,-85.1647,2026-06-19 11:00:05
2860,New York,22.07,Clouds,40.7143,-74.006,2026-06-19 11:00:05
2861,Barcelona,28.24,Clouds,41.3888,2.159,2026-06-19 11:00:05
2862,Miami,27.77,Clouds,25.7743,-80.1937,2026-06-19 11:00:05
2863,Lisbon,23.65,Clear,38.7167,-9.1333,2026-06-19 12:00:03
2864,Porto,23.04,Clear,41.1496,-8.611,2026-06-19 12:00:03
2865,London,27.71,Clear,51.5085,-0.1257,2026-06-19 12:00:03
2866,Paris,33.6,Clear,48.8534,2.3488,2026-06-19 12:00:04
2867,Berlin,32.91,Clouds,52.5244,13.4105,2026-06-19 12:00:04
2868,Madrid,30.07,Clear,40.4165,-3.7026,2026-06-19 12:00:04
2869,Rome,22.42,Clouds,34.257,-85.1647,2026-06-19 12:00:04
2870,New York,21.6,Clouds,40.7143,-74.006,2026-06-19 12:00:04
2871,Barcelona,29.41,Clouds,41.3888,2.159,2026-06-19 12:00:04
2872,Miami,27.85,Clouds,25.7743,-80.1937,2026-06-19 12:00:04
2873,Lisbon,24.54,Clear,38.7167,-9.1333,2026-06-19 13:00:05
2874,Porto,21.93,Clear,41.1496,-8.611,2026-06-19 13:00:05
2875,London,29.32,Clear,51.5085,-0.1257,2026-06-19 13:00:05
2876,Paris,34.9,Clouds,48.8534,2.3488,2026-06-19 13:00:05
2877,Berlin,34.44,Rain,52.5244,13.4105,2026-06-19 13:00:05
2878,Madrid,31.69,Clear,40.4165,-3.7026,2026-06-19 13:00:05
2879,Rome,22.58,Clouds,34.257,-85.1647,2026-06-19 13:00:05
2880,New York,21.57,Clouds,40.7143,-74.006,2026-06-19 13:00:05
2881,Barcelona,29.28,Clouds,41.3888,2.159,2026-06-19 13:00:05
2882,Miami,28.29,Clouds,25.7743,-80.1937,2026-06-19 13:00:05
2883,Lisbon,27.19,Clouds,38.7167,-9.1333,2026-06-19 14:00:06
2884,Porto,22.49,Clouds,41.1496,-8.611,2026-06-19 14:00:06
2885,London,29.47,Clouds,51.5085,-0.1257,2026-06-19 14:00:06
2886,Paris,34.41,Clouds,48.8534,2.3488,2026-06-19 14:00:06
2887,Berlin,33.9,Clouds,52.5244,13.4105,2026-06-19 14:00:06
2888,Madrid,33.35,Clouds,40.4165,-3.7026,2026-06-19 14:00:06
2889,Rome,23.26,Clouds,34.257,-85.1647,2026-06-19 14:00:06
2890,New York,21.94,Clouds,40.7143,-74.006,2026-06-19 14:00:06
2891,Barcelona,29.17,Clear,41.3888,2.159,2026-06-19 14:00:06
2892,Miami,29.9,Rain,25.7743,-80.1937,2026-06-19 14:00:06
2893,Lisbon,27.25,Clouds,38.7167,-9.1333,2026-06-19 15:00:05
2894,Porto,22.49,Clouds,41.1496,-8.611,2026-06-19 15:00:05
2895,London,29.93,Clouds,51.5085,-0.1257,2026-06-19 15:00:05
2896,Paris,34.74,Clouds,48.8534,2.3488,2026-06-19 15:00:05
2897,Berlin,34.15,Rain,52.5244,13.4105,2026-06-19 15:00:05
2898,Madrid,34.24,Clouds,40.4165,-3.7026,2026-06-19 15:00:05
2899,Rome,24.22,Clouds,34.257,-85.1647,2026-06-19 15:00:05
2900,New York,22.72,Clouds,40.7143,-74.006,2026-06-19 15:00:05
2901,Barcelona,29.21,Clear,41.3888,2.159,2026-06-19 15:00:05
2902,Miami,31.21,Clouds,25.7743,-80.1937,2026-06-19 15:00:05
2903,Lisbon,27.1,Clouds,38.7167,-9.1333,2026-06-19 16:00:04
2904,Porto,23.04,Clouds,41.1496,-8.611,2026-06-19 16:00:04
2905,London,29.74,Clouds,51.5085,-0.1257,2026-06-19 16:00:04
2906,Paris,34.89,Clouds,48.8534,2.3488,2026-06-19 16:00:04
2907,Berlin,33.61,Clouds,52.5244,13.4105,2026-06-19 16:00:04
2908,Madrid,34.01,Clouds,40.4165,-3.7026,2026-06-19 16:00:04
2909,Rome,25.58,Clouds,34.257,-85.1647,2026-06-19 16:00:04
2910,New York,23.79,Clouds,40.7143,-74.006,2026-06-19 16:00:04
2911,Barcelona,29.35,Clear,41.3888,2.159,2026-06-19 16:00:05
2912,Miami,32.29,Clouds,25.7743,-80.1937,2026-06-19 16:00:05
2913,Lisbon,26.63,Clouds,38.7167,-9.1333,2026-06-19 17:00:05
2914,Porto,23.04,Clouds,41.1496,-8.611,2026-06-19 17:00:05
2915,London,29.32,Clouds,51.5085,-0.1257,2026-06-19 17:00:05
2916,Paris,34.94,Clouds,48.8534,2.3488,2026-06-19 17:00:05
2917,Berlin,32.09,Clouds,52.5244,13.4105,2026-06-19 17:00:05
2918,Madrid,33.68,Clouds,40.4165,-3.7026,2026-06-19 17:00:05
2919,Rome,26.35,Clouds,34.257,-85.1647,2026-06-19 17:00:05
2920,New York,24.58,Clouds,40.7143,-74.006,2026-06-19 17:00:05
2921,Barcelona,29.21,Clear,41.3888,2.159,2026-06-19 17:00:05
2922,Miami,32.85,Clouds,25.7743,-80.1937,2026-06-19 17:00:05
2923,Lisbon,22.52,Clouds,38.7167,-9.1333,2026-06-20 09:00:04
2924,Porto,19.75,Clouds,41.1496,-8.611,2026-06-20 09:00:04
2925,London,20.35,Clouds,51.5085,-0.1257,2026-06-20 09:00:04
2926,Paris,24.47,Clear,48.8534,2.3488,2026-06-20 09:00:04
2927,Berlin,27.53,Clouds,52.5244,13.4105,2026-06-20 09:00:04
2928,Madrid,25.9,Clouds,40.4165,-3.7026,2026-06-20 09:00:04
2929,Rome,20.57,Clouds,34.257,-85.1647,2026-06-20 09:00:04
2930,New York,20.03,Clear,40.7143,-74.006,2026-06-20 09:00:04
2931,Barcelona,28.12,Clear,41.3888,2.159,2026-06-20 09:00:04
2932,Miami,25.56,Clouds,25.7743,-80.1937,2026-06-20 09:00:04
2933,Lisbon,22.72,Clouds,38.7167,-9.1333,2026-06-20 10:00:03
2934,Porto,22.49,Clouds,41.1496,-8.611,2026-06-20 10:00:03
2935,London,21.9,Clouds,51.5085,-0.1257,2026-06-20 10:00:04
2936,Paris,28.65,Clear,48.8534,2.3488,2026-06-20 10:00:04
2937,Berlin,28.91,Clouds,52.5244,13.4105,2026-06-20 10:00:04
2938,Madrid,27.63,Clouds,40.4165,-3.7026,2026-06-20 10:00:04
2939,Rome,20.23,Clouds,34.257,-85.1647,2026-06-20 10:00:04
2940,New York,19.69,Clear,40.7143,-74.006,2026-06-20 10:00:04
2941,Barcelona,29.21,Clear,41.3888,2.159,2026-06-20 10:00:04
2942,Miami,25.56,Clouds,25.7743,-80.1937,2026-06-20 10:00:04
2943,Lisbon,24.01,Clouds,38.7167,-9.1333,2026-06-20 11:00:03
2944,Porto,23.6,Clouds,41.1496,-8.611,2026-06-20 11:00:03
2945,London,22.66,Clouds,51.5085,-0.1257,2026-06-20 11:00:03
2946,Paris,30.75,Clear,48.8534,2.3488,2026-06-20 11:00:03
2947,Berlin,29.87,Clouds,52.5244,13.4105,2026-06-20 11:00:03
2948,Madrid,29.49,Clouds,40.4165,-3.7026,2026-06-20 11:00:03
2949,Rome,20.04,Clouds,34.257,-85.1647,2026-06-20 11:00:03
2950,New York,19.49,Clear,40.7143,-74.006,2026-06-20 11:00:03
2951,Barcelona,30.03,Clear,41.3888,2.159,2026-06-20 11:00:03
2952,Miami,25.56,Clouds,25.7743,-80.1937,2026-06-20 11:00:03
2953,Lisbon,25.87,Clouds,38.7167,-9.1333,2026-06-20 12:00:04
2954,Porto,24.15,Clouds,41.1496,-8.611,2026-06-20 12:00:04
2955,London,23.68,Clouds,51.5085,-0.1257,2026-06-20 12:00:04
2956,Paris,32.14,Clear,48.8534,2.3488,2026-06-20 12:00:04
2957,Berlin,30.94,Clouds,52.5244,13.4105,2026-06-20 12:00:04
2958,Madrid,30.82,Clouds,40.4165,-3.7026,2026-06-20 12:00:04
2959,Rome,19.48,Clouds,34.257,-85.1647,2026-06-20 12:00:04
2960,New York,19.89,Clear,40.7143,-74.006,2026-06-20 12:00:04
2961,Barcelona,30.54,Clear,41.3888,2.159,2026-06-20 12:00:04
2962,Miami,26.03,Clouds,25.7743,-80.1937,2026-06-20 12:00:04
2963,Lisbon,28.04,Clouds,38.7167,-9.1333,2026-06-20 13:00:05
2964,Porto,23.6,Clouds,41.1496,-8.611,2026-06-20 13:00:05
2965,London,24.42,Clouds,51.5085,-0.1257,2026-06-20 13:00:05
2966,Paris,33.99,Clear,48.8534,2.3488,2026-06-20 13:00:05
2967,Berlin,30.38,Clouds,52.5244,13.4105,2026-06-20 13:00:05
2968,Madrid,32.51,Clouds,40.4165,-3.7026,2026-06-20 13:00:05
2969,Rome,20.63,Clouds,34.257,-85.1647,2026-06-20 13:00:05
2970,New York,20.64,Clear,40.7143,-74.006,2026-06-20 13:00:05
2971,Barcelona,31.36,Clear,41.3888,2.159,2026-06-20 13:00:06
2972,Miami,27.07,Clouds,25.7743,-80.1937,2026-06-20 13:00:06
2973,Lisbon,29.18,Clear,38.7167,-9.1333,2026-06-20 14:00:05
2974,Porto,23.6,Clouds,41.1496,-8.611,2026-06-20 14:00:05
2975,London,25.27,Clouds,51.5085,-0.1257,2026-06-20 14:00:05
2976,Paris,33.31,Clouds,48.8534,2.3488,2026-06-20 14:00:05
2977,Berlin,29.37,Rain,52.5244,13.4105,2026-06-20 14:00:05
2978,Madrid,33.51,Clouds,40.4165,-3.7026,2026-06-20 14:00:06
2979,Rome,21.39,Clouds,34.257,-85.1647,2026-06-20 14:00:06
2980,New York,21.32,Clear,40.7143,-74.006,2026-06-20 14:00:06
2981,Barcelona,31.42,Clouds,41.3888,2.159,2026-06-20 14:00:06
2982,Miami,29.51,Clouds,25.7743,-80.1937,2026-06-20 14:00:06
2983,Lisbon,30.71,Clouds,38.7167,-9.1333,2026-06-20 15:00:05
2984,Porto,23.6,Clouds,41.1496,-8.611,2026-06-20 15:00:05
2985,London,24.95,Clouds,51.5085,-0.1257,2026-06-20 15:00:05
2986,Paris,33.23,Clouds,48.8534,2.3488,2026-06-20 15:00:05
2987,Berlin,27.53,Rain,52.5244,13.4105,2026-06-20 15:00:05
2988,Madrid,34.39,Clouds,40.4165,-3.7026,2026-06-20 15:00:05
2989,Rome,23.13,Clouds,34.257,-85.1647,2026-06-20 15:00:05
2990,New York,22.87,Clear,40.7143,-74.006,2026-06-20 15:00:05
2991,Barcelona,31.15,Clouds,41.3888,2.159,2026-06-20 15:00:05
2992,Miami,31.35,Rain,25.7743,-80.1937,2026-06-20 15:00:06
2993,Lisbon,30.07,Clouds,38.7167,-9.1333,2026-06-20 16:00:05
2994,Porto,23.04,Clouds,41.1496,-8.611,2026-06-20 16:00:05
2995,London,25.21,Clouds,51.5085,-0.1257,2026-06-20 16:00:05
2996,Paris,34.38,Clouds,48.8534,2.3488,2026-06-20 16:00:05
2997,Berlin,28.03,Rain,52.5244,13.4105,2026-06-20 16:00:06
2998,Madrid,35.64,Clouds,40.4165,-3.7026,2026-06-20 16:00:06
2999,Rome,24.83,Clouds,34.257,-85.1647,2026-06-20 16:00:06
3000,New York,24.52,Clear,40.7143,-74.006,2026-06-20 16:00:06
3001,Barcelona,30.68,Clouds,41.3888,2.159,2026-06-20 16:00:06
3002,Miami,32.82,Rain,25.7743,-80.1937,2026-06-20 16:00:06
3003,Lisbon,28.92,Clouds,38.7167,-9.1333,2026-06-20 17:00:03
3004,Porto,23.04,Clouds,41.1496,-8.611,2026-06-20 17:00:03
3005,London,24.73,Clouds,51.5085,-0.1257,2026-06-20 17:00:03
3006,Paris,34.85,Clouds,48.8534,2.3488,2026-06-20 17:00:03
3007,Berlin,27.44,Clouds,52.5244,13.4105,2026-06-20 17:00:03
3008,Madrid,35.57,Clouds,40.4165,-3.7026,2026-06-20 17:00:03
3009,Rome,25.68,Clouds,34.257,-85.1647,2026-06-20 17:00:03
3010,New York,25.8,Clouds,40.7143,-74.006,2026-06-20 17:00:03
3011,Barcelona,30.54,Clear,41.3888,2.159,2026-06-20 17:00:03
3012,Miami,33.48,Rain,25.7743,-80.1937,2026-06-20 17:00:03
3013,Lisbon,27.98,Clouds,38.7167,-9.1333,2026-06-20 18:00:02
3014,Porto,23.6,Clouds,41.1496,-8.611,2026-06-20 18:00:02
3015,London,24.76,Clouds,51.5085,-0.1257,2026-06-20 18:00:02
3016,Paris,34.54,Clouds,48.8534,2.3488,2026-06-20 18:00:02
3017,Berlin,27.18,Clouds,52.5244,13.4105,2026-06-20 18:00:02
3018,Madrid,34.61,Clouds,40.4165,-3.7026,2026-06-20 18:00:02
3019,Rome,27.45,Clouds,34.257,-85.1647,2026-06-20 18:00:02
3020,New York,26.39,Clear,40.7143,-74.006,2026-06-20 18:00:03
3021,Barcelona,30.14,Clear,41.3888,2.159,2026-06-20 18:00:03
3022,Miami,33.48,Clouds,25.7743,-80.1937,2026-06-20 18:00:03
3023,Lisbon,26.52,Clouds,38.7167,-9.1333,2026-06-20 19:00:01
3024,Porto,23.6,Clouds,41.1496,-8.611,2026-06-20 19:00:01
3025,London,25.38,Clouds,51.5085,-0.1257,2026-06-20 19:00:01
3026,Paris,30.76,Clouds,48.8534,2.3488,2026-06-20 19:00:01
3027,Berlin,26.86,Clouds,52.5244,13.4105,2026-06-20 19:00:01
3028,Madrid,33.61,Clouds,40.4165,-3.7026,2026-06-20 19:00:02
3029,Rome,28.49,Clouds,34.257,-85.1647,2026-06-20 19:00:02
3030,New York,27.13,Clear,40.7143,-74.006,2026-06-20 19:00:02
3031,Barcelona,30.18,Clear,41.3888,2.159,2026-06-20 19:00:02
3032,Miami,33.3,Rain,25.7743,-80.1937,2026-06-20 19:00:02
3033,Lisbon,24.87,Clear,38.7167,-9.1333,2026-06-20 20:00:01
3034,Porto,20.06,Clouds,41.1496,-8.611,2026-06-20 20:00:01
3035,London,24.39,Clouds,51.5085,-0.1257,2026-06-20 20:00:01
3036,Paris,26.54,Clouds,48.8534,2.3488,2026-06-20 20:00:01
3037,Berlin,25.29,Rain,52.5244,13.4105,2026-06-20 20:00:01
3038,Madrid,32.94,Clouds,40.4165,-3.7026,2026-06-20 20:00:01
3039,Rome,28.21,Clouds,34.257,-85.1647,2026-06-20 20:00:01
3040,New York,27.81,Clear,40.7143,-74.006,2026-06-20 20:00:01
3041,Barcelona,29.12,Clear,41.3888,2.159,2026-06-20 20:00:01
3042,Miami,32.71,Clouds,25.7743,-80.1937,2026-06-20 20:00:02
3043,Lisbon,23.03,Clear,38.7167,-9.1333,2026-06-20 21:00:01
3044,Porto,18.97,Clouds,41.1496,-8.611,2026-06-20 21:00:01
3045,London,23.72,Clouds,51.5085,-0.1257,2026-06-20 21:00:01
3046,Paris,22.77,Clouds,48.8534,2.3488,2026-06-20 21:00:01
3047,Berlin,23.2,Clouds,52.5244,13.4105,2026-06-20 21:00:01
3048,Madrid,31.53,Clouds,40.4165,-3.7026,2026-06-20 21:00:01
3049,Rome,28,Clouds,34.257,-85.1647,2026-06-20 21:00:01
3050,New York,28.43,Clouds,40.7143,-74.006,2026-06-20 21:00:01
3051,Barcelona,28.71,Clear,41.3888,2.159,2026-06-20 21:00:01
3052,Miami,32.55,Clouds,25.7743,-80.1937,2026-06-20 21:00:01
3053,Lisbon,22.06,Clear,38.7167,-9.1333,2026-06-20 22:00:02
3054,Porto,18.62,Clouds,41.1496,-8.611,2026-06-20 22:00:02
3055,London,21.88,Clouds,51.5085,-0.1257,2026-06-20 22:00:02
3056,Paris,22.36,Clouds,48.8534,2.3488,2026-06-20 22:00:02
3057,Berlin,22.46,Clouds,52.5244,13.4105,2026-06-20 22:00:02
3058,Madrid,30.73,Clouds,40.4165,-3.7026,2026-06-20 22:00:02
3059,Rome,27.17,Clouds,34.257,-85.1647,2026-06-20 22:00:02
3060,New York,28.34,Clouds,40.7143,-74.006,2026-06-20 22:00:02
3061,Barcelona,27.18,Clear,41.3888,2.159,2026-06-20 22:00:02
3062,Miami,31.31,Rain,25.7743,-80.1937,2026-06-20 22:00:02
3063,Lisbon,21.27,Clear,38.7167,-9.1333,2026-06-20 23:00:03
3064,Porto,18.45,Clouds,41.1496,-8.611,2026-06-20 23:00:03
3065,London,21.74,Clouds,51.5085,-0.1257,2026-06-20 23:00:03
3066,Paris,22.12,Clouds,48.8534,2.3488,2026-06-20 23:00:03
3067,Berlin,20.96,Clouds,52.5244,13.4105,2026-06-20 23:00:03
3068,Madrid,30.12,Clouds,40.4165,-3.7026,2026-06-20 23:00:03
3069,Rome,27.01,Clouds,34.257,-85.1647,2026-06-20 23:00:03
3070,New York,27.85,Clouds,40.7143,-74.006,2026-06-20 23:00:03
3071,Barcelona,26.98,Clouds,41.3888,2.159,2026-06-20 23:00:03
3072,Miami,30.88,Rain,25.7743,-80.1937,2026-06-20 23:00:03
3073,Lisbon,21.41,Clear,38.7167,-9.1333,2026-06-21 00:00:03
3074,Porto,18.56,Clear,41.1496,-8.611,2026-06-21 00:00:03
3075,London,20.36,Clouds,51.5085,-0.1257,2026-06-21 00:00:03
3076,Paris,23.62,Clouds,48.8534,2.3488,2026-06-21 00:00:03
3077,Berlin,20.88,Clouds,52.5244,13.4105,2026-06-21 00:00:03
3078,Madrid,28.74,Clouds,40.4165,-3.7026,2026-06-21 00:00:03
3079,Rome,25.53,Clouds,34.257,-85.1647,2026-06-21 00:00:03
3080,New York,27.42,Clouds,40.7143,-74.006,2026-06-21 00:00:03
3081,Barcelona,26.68,Clouds,41.3888,2.159,2026-06-21 00:00:03
3082,Miami,30.24,Rain,25.7743,-80.1937,2026-06-21 00:00:03
3083,Lisbon,21.02,Clouds,38.7167,-9.1333,2026-06-21 01:00:03
3084,Porto,18.56,Clear,41.1496,-8.611,2026-06-21 01:00:03
3085,London,20.22,Clouds,51.5085,-0.1257,2026-06-21 01:00:03
3086,Paris,21.32,Clouds,48.8534,2.3488,2026-06-21 01:00:03
3087,Berlin,19.77,Clouds,52.5244,13.4105,2026-06-21 01:00:03
3088,Madrid,27.71,Clouds,40.4165,-3.7026,2026-06-21 01:00:03
3089,Rome,25.35,Clouds,34.257,-85.1647,2026-06-21 01:00:03
3090,New York,26.11,Clouds,40.7143,-74.006,2026-06-21 01:00:03
3091,Barcelona,26.76,Clouds,41.3888,2.159,2026-06-21 01:00:03
3092,Miami,28.16,Clouds,25.7743,-80.1937,2026-06-21 01:00:03
3093,Lisbon,21.61,Clouds,38.7167,-9.1333,2026-06-21 02:00:02
3094,Porto,18.41,Clouds,41.1496,-8.611,2026-06-21 02:00:02
3095,London,19.09,Clouds,51.5085,-0.1257,2026-06-21 02:00:02
3096,Paris,21.96,Clouds,48.8534,2.3488,2026-06-21 02:00:02
3097,Berlin,18.88,Clouds,52.5244,13.4105,2026-06-21 02:00:02
3098,Madrid,27.06,Clouds,40.4165,-3.7026,2026-06-21 02:00:02
3099,Rome,24.13,Clouds,34.257,-85.1647,2026-06-21 02:00:02
3100,New York,25.13,Clouds,40.7143,-74.006,2026-06-21 02:00:02
3101,Barcelona,26.09,Clear,41.3888,2.159,2026-06-21 02:00:02
3102,Miami,25.8,Rain,25.7743,-80.1937,2026-06-21 02:00:02
3103,Lisbon,21.4,Clouds,38.7167,-9.1333,2026-06-21 03:00:04
3104,Porto,18.6,Clouds,41.1496,-8.611,2026-06-21 03:00:04
3105,London,18.39,Clouds,51.5085,-0.1257,2026-06-21 03:00:04
3106,Paris,21.48,Clouds,48.8534,2.3488,2026-06-21 03:00:04
3107,Berlin,19.19,Clouds,52.5244,13.4105,2026-06-21 03:00:04
3108,Madrid,26.42,Clouds,40.4165,-3.7026,2026-06-21 03:00:04
3109,Rome,23.37,Clouds,34.257,-85.1647,2026-06-21 03:00:04
3110,New York,24.07,Clouds,40.7143,-74.006,2026-06-21 03:00:04
3111,Barcelona,26.17,Clear,41.3888,2.159,2026-06-21 03:00:04
3112,Miami,25.18,Rain,25.7743,-80.1937,2026-06-21 03:00:04
3113,Lisbon,21.45,Clouds,38.7167,-9.1333,2026-06-21 04:00:03
3114,Porto,18.69,Clouds,41.1496,-8.611,2026-06-21 04:00:03
3115,London,17.86,Clouds,51.5085,-0.1257,2026-06-21 04:00:03
3116,Paris,21.49,Clouds,48.8534,2.3488,2026-06-21 04:00:03
3117,Berlin,19.23,Clouds,52.5244,13.4105,2026-06-21 04:00:03
3118,Madrid,25.7,Clouds,40.4165,-3.7026,2026-06-21 04:00:03
3119,Rome,22.37,Clouds,34.257,-85.1647,2026-06-21 04:00:04
3120,New York,23.21,Clouds,40.7143,-74.006,2026-06-21 04:00:04
3121,Barcelona,25.82,Clouds,41.3888,2.159,2026-06-21 04:00:04
3122,Miami,25,Clouds,25.7743,-80.1937,2026-06-21 04:00:04
3123,Lisbon,20.23,Clouds,38.7167,-9.1333,2026-06-21 05:00:04
3124,Porto,18.38,Clouds,41.1496,-8.611,2026-06-21 05:00:04
3125,London,17.21,Clouds,51.5085,-0.1257,2026-06-21 05:00:04
3126,Paris,20.88,Clouds,48.8534,2.3488,2026-06-21 05:00:04
3127,Berlin,20.32,Clouds,52.5244,13.4105,2026-06-21 05:00:04
3128,Madrid,24.99,Clouds,40.4165,-3.7026,2026-06-21 05:00:04
3129,Rome,21.74,Clouds,34.257,-85.1647,2026-06-21 05:00:04
3130,New York,22.49,Clouds,40.7143,-74.006,2026-06-21 05:00:04
3131,Barcelona,25.52,Clouds,41.3888,2.159,2026-06-21 05:00:04
3132,Miami,24.87,Rain,25.7743,-80.1937,2026-06-21 05:00:04
3133,Lisbon,20.32,Clouds,38.7167,-9.1333,2026-06-21 06:00:04
3134,Porto,18.34,Clouds,41.1496,-8.611,2026-06-21 06:00:04
3135,London,17.73,Clouds,51.5085,-0.1257,2026-06-21 06:00:04
3136,Paris,20.92,Clouds,48.8534,2.3488,2026-06-21 06:00:04
3137,Berlin,22.78,Clouds,52.5244,13.4105,2026-06-21 06:00:04
3138,Madrid,23.95,Clouds,40.4165,-3.7026,2026-06-21 06:00:04
3139,Rome,21.19,Clouds,34.257,-85.1647,2026-06-21 06:00:04
3140,New York,21.66,Clouds,40.7143,-74.006,2026-06-21 06:00:04
3141,Barcelona,26.04,Clouds,41.3888,2.159,2026-06-21 06:00:04
3142,Miami,24.79,Rain,25.7743,-80.1937,2026-06-21 06:00:04
3143,Lisbon,20.48,Clouds,38.7167,-9.1333,2026-06-21 07:00:04
3144,Porto,18.68,Clouds,41.1496,-8.611,2026-06-21 07:00:04
3145,London,19.55,Clouds,51.5085,-0.1257,2026-06-21 07:00:04
3146,Paris,21.61,Clouds,48.8534,2.3488,2026-06-21 07:00:04
3147,Berlin,22.65,Clouds,52.5244,13.4105,2026-06-21 07:00:04
3148,Madrid,23.43,Clouds,40.4165,-3.7026,2026-06-21 07:00:04
3149,Rome,21.05,Clouds,34.257,-85.1647,2026-06-21 07:00:04
3150,New York,21.23,Clouds,40.7143,-74.006,2026-06-21 07:00:04
3151,Barcelona,27.31,Clouds,41.3888,2.159,2026-06-21 07:00:04
3152,Miami,24.37,Rain,25.7743,-80.1937,2026-06-21 07:00:04
3153,Lisbon,26.4,Clear,38.7167,-9.1333,2026-06-21 11:00:02
3154,Porto,23.6,Clouds,41.1496,-8.611,2026-06-21 11:00:02
3155,London,26.89,Clouds,51.5085,-0.1257,2026-06-21 11:00:03
3156,Paris,32.87,Clouds,48.8534,2.3488,2026-06-21 11:00:03
3157,Berlin,28.68,Rain,52.5244,13.4105,2026-06-21 11:00:03
3158,Madrid,29.72,Clouds,40.4165,-3.7026,2026-06-21 11:00:03
3159,Rome,20.73,Clouds,34.257,-85.1647,2026-06-21 11:00:03
3160,New York,19.17,Clear,40.7143,-74.006,2026-06-21 11:00:03
3161,Barcelona,32.47,Clear,41.3888,2.159,2026-06-21 11:00:03
3162,Miami,23.54,Clouds,25.7743,-80.1937,2026-06-21 11:00:03
3163,Lisbon,28.12,Clear,38.7167,-9.1333,2026-06-21 12:00:04
3164,Porto,23.6,Clouds,41.1496,-8.611,2026-06-21 12:00:04
3165,London,27.56,Clouds,51.5085,-0.1257,2026-06-21 12:00:04
3166,Paris,32.67,Clouds,48.8534,2.3488,2026-06-21 12:00:04
3167,Berlin,29.25,Clouds,52.5244,13.4105,2026-06-21 12:00:04
3168,Madrid,31.34,Clouds,40.4165,-3.7026,2026-06-21 12:00:04
3169,Rome,20.54,Clouds,34.257,-85.1647,2026-06-21 12:00:04
3170,New York,19.78,Clear,40.7143,-74.006,2026-06-21 12:00:04
3171,Barcelona,33.73,Clear,41.3888,2.159,2026-06-21 12:00:04
3172,Miami,25.55,Clouds,25.7743,-80.1937,2026-06-21 12:00:05
3173,Lisbon,28.59,Clear,38.7167,-9.1333,2026-06-21 13:00:05
3174,Porto,23.6,Clouds,41.1496,-8.611,2026-06-21 13:00:05
3175,London,29.04,Clouds,51.5085,-0.1257,2026-06-21 13:00:05
3176,Paris,35.93,Clouds,48.8534,2.3488,2026-06-21 13:00:05
3177,Berlin,31.2,Clouds,52.5244,13.4105,2026-06-21 13:00:05
3178,Madrid,33.21,Clouds,40.4165,-3.7026,2026-06-21 13:00:05
3179,Rome,21.42,Clouds,34.257,-85.1647,2026-06-21 13:00:05
3180,New York,20.95,Clear,40.7143,-74.006,2026-06-21 13:00:05
3181,Barcelona,32.91,Clear,41.3888,2.159,2026-06-21 13:00:05
3182,Miami,26.66,Rain,25.7743,-80.1937,2026-06-21 13:00:05
3183,Lisbon,30.8,Clouds,38.7167,-9.1333,2026-06-21 14:00:05
3184,Porto,23.6,Clouds,41.1496,-8.611,2026-06-21 14:00:05
3185,London,29.35,Clouds,51.5085,-0.1257,2026-06-21 14:00:05
3186,Paris,35.16,Clear,48.8534,2.3488,2026-06-21 14:00:05
3187,Berlin,28.77,Clouds,52.5244,13.4105,2026-06-21 14:00:05
3188,Madrid,35.34,Clear,40.4165,-3.7026,2026-06-21 14:00:05
3189,Rome,21.95,Clouds,34.257,-85.1647,2026-06-21 14:00:05
3190,New York,22.11,Clear,40.7143,-74.006,2026-06-21 14:00:05
3191,Barcelona,32.29,Clear,41.3888,2.159,2026-06-21 14:00:05
3192,Miami,27.91,Clouds,25.7743,-80.1937,2026-06-21 14:00:05
3193,Lisbon,33.08,Clouds,38.7167,-9.1333,2026-06-21 15:00:04
3194,Porto,23.6,Clouds,41.1496,-8.611,2026-06-21 15:00:04
3195,London,29.06,Clouds,51.5085,-0.1257,2026-06-21 15:00:04
3196,Paris,36.48,Clear,48.8534,2.3488,2026-06-21 15:00:04
3197,Berlin,28.76,Clouds,52.5244,13.4105,2026-06-21 15:00:04
3198,Madrid,36.51,Clear,40.4165,-3.7026,2026-06-21 15:00:04
3199,Rome,22.79,Clouds,34.257,-85.1647,2026-06-21 15:00:04
3200,New York,24.54,Clear,40.7143,-74.006,2026-06-21 15:00:04
3201,Barcelona,32.1,Clear,41.3888,2.159,2026-06-21 15:00:04
3202,Miami,30.17,Clear,25.7743,-80.1937,2026-06-21 15:00:04
3203,Lisbon,30.16,Clouds,38.7167,-9.1333,2026-06-21 16:00:02
3204,Porto,24.15,Clouds,41.1496,-8.611,2026-06-21 16:00:02
3205,London,28.23,Clouds,51.5085,-0.1257,2026-06-21 16:00:02
3206,Paris,37.22,Clear,48.8534,2.3488,2026-06-21 16:00:02
3207,Berlin,27.44,Rain,52.5244,13.4105,2026-06-21 16:00:02
3208,Madrid,36.45,Clear,40.4165,-3.7026,2026-06-21 16:00:02
3209,Rome,24.44,Clouds,34.257,-85.1647,2026-06-21 16:00:02
3210,New York,25.99,Clear,40.7143,-74.006,2026-06-21 16:00:02
3211,Barcelona,31.62,Clouds,41.3888,2.159,2026-06-21 16:00:02
3212,Miami,31.6,Clear,25.7743,-80.1937,2026-06-21 16:00:02
3213,Lisbon,30.04,Clouds,38.7167,-9.1333,2026-06-21 17:00:06
3214,Porto,24.15,Clouds,41.1496,-8.611,2026-06-21 17:00:06
3215,London,28.85,Clouds,51.5085,-0.1257,2026-06-21 17:00:06
3216,Paris,37.19,Clear,48.8534,2.3488,2026-06-21 17:00:06
3217,Berlin,26.92,Clouds,52.5244,13.4105,2026-06-21 17:00:06
3218,Madrid,36.8,Clear,40.4165,-3.7026,2026-06-21 17:00:06
3219,Rome,26.66,Clouds,34.257,-85.1647,2026-06-21 17:00:06
3220,New York,26.4,Clear,40.7143,-74.006,2026-06-21 17:00:06
3221,Barcelona,31.83,Clouds,41.3888,2.159,2026-06-21 17:00:06
3222,Miami,33.04,Clear,25.7743,-80.1937,2026-06-21 17:00:06
3223,Lisbon,27.41,Clouds,38.7167,-9.1333,2026-06-21 18:00:01
3224,Porto,24.15,Clouds,41.1496,-8.611,2026-06-21 18:00:01
3225,London,28.02,Clouds,51.5085,-0.1257,2026-06-21 18:00:01
3226,Paris,36.56,Clear,48.8534,2.3488,2026-06-21 18:00:01
3227,Berlin,25.38,Clouds,52.5244,13.4105,2026-06-21 18:00:01
3228,Madrid,37.43,Clear,40.4165,-3.7026,2026-06-21 18:00:01
3229,Rome,26.29,Rain,34.257,-85.1647,2026-06-21 18:00:01
3230,New York,26.98,Clouds,40.7143,-74.006,2026-06-21 18:00:01
3231,Barcelona,31.36,Clouds,41.3888,2.159,2026-06-21 18:00:01
3232,Miami,33.79,Clear,25.7743,-80.1937,2026-06-21 18:00:01
3233,Lisbon,25.31,Clouds,38.7167,-9.1333,2026-06-21 19:00:02
3234,Porto,24.15,Clouds,41.1496,-8.611,2026-06-21 19:00:02
3235,London,26.8,Clouds,51.5085,-0.1257,2026-06-21 19:00:02
3236,Paris,35.46,Clear,48.8534,2.3488,2026-06-21 19:00:02
3237,Berlin,25.35,Clouds,52.5244,13.4105,2026-06-21 19:00:02
3238,Madrid,36.97,Clear,40.4165,-3.7026,2026-06-21 19:00:02
3239,Rome,27.4,Clouds,34.257,-85.1647,2026-06-21 19:00:02
3240,New York,27.31,Clouds,40.7143,-74.006,2026-06-21 19:00:02
3241,Barcelona,30.44,Clouds,41.3888,2.159,2026-06-21 19:00:02
3242,Miami,33.5,Clear,25.7743,-80.1937,2026-06-21 19:00:02
3243,Lisbon,24.78,Clouds,38.7167,-9.1333,2026-06-21 20:00:02
3244,Porto,20.16,Clouds,41.1496,-8.611,2026-06-21 20:00:02
3245,London,25.27,Clouds,51.5085,-0.1257,2026-06-21 20:00:02
3246,Paris,33.85,Clouds,48.8534,2.3488,2026-06-21 20:00:02
3247,Berlin,24.13,Clouds,52.5244,13.4105,2026-06-21 20:00:02
3248,Madrid,35,Clear,40.4165,-3.7026,2026-06-21 20:00:02
3249,Rome,28.51,Clouds,34.257,-85.1647,2026-06-21 20:00:02
3250,New York,27.64,Clouds,40.7143,-74.006,2026-06-21 20:00:02
3251,Barcelona,30.03,Clouds,41.3888,2.159,2026-06-21 20:00:02
3252,Miami,33.84,Clear,25.7743,-80.1937,2026-06-21 20:00:02
3253,Lisbon,24.24,Clouds,38.7167,-9.1333,2026-06-21 21:00:02
3254,Porto,19.2,Clouds,41.1496,-8.611,2026-06-21 21:00:02
3255,London,23.03,Clouds,51.5085,-0.1257,2026-06-21 21:00:02
3256,Paris,32.14,Clouds,48.8534,2.3488,2026-06-21 21:00:02
3257,Berlin,22.81,Clouds,52.5244,13.4105,2026-06-21 21:00:02
3258,Madrid,33.41,Clear,40.4165,-3.7026,2026-06-21 21:00:02
3259,Rome,27.74,Clouds,34.257,-85.1647,2026-06-21 21:00:02
3260,New York,28.24,Clouds,40.7143,-74.006,2026-06-21 21:00:02
3261,Barcelona,29.2,Clouds,41.3888,2.159,2026-06-21 21:00:02
3262,Miami,33.77,Clear,25.7743,-80.1937,2026-06-21 21:00:02
3263,Lisbon,23.74,Clouds,38.7167,-9.1333,2026-06-21 22:00:02
3264,Porto,19.17,Clouds,41.1496,-8.611,2026-06-21 22:00:02
3265,London,21.95,Clouds,51.5085,-0.1257,2026-06-21 22:00:02
3266,Paris,30.98,Clouds,48.8534,2.3488,2026-06-21 22:00:02
3267,Berlin,21.95,Clouds,52.5244,13.4105,2026-06-21 22:00:02
3268,Madrid,31.49,Clear,40.4165,-3.7026,2026-06-21 22:00:02
3269,Rome,29.01,Clouds,34.257,-85.1647,2026-06-21 22:00:02
3270,New York,28.53,Clouds,40.7143,-74.006,2026-06-21 22:00:02
3271,Barcelona,28.34,Clouds,41.3888,2.159,2026-06-21 22:00:02
3272,Miami,33.06,Clouds,25.7743,-80.1937,2026-06-21 22:00:02
3273,Lisbon,23.58,Clouds,38.7167,-9.1333,2026-06-21 23:00:02
3274,Porto,19.15,Clouds,41.1496,-8.611,2026-06-21 23:00:02
3275,London,20.79,Clouds,51.5085,-0.1257,2026-06-21 23:00:02
3276,Paris,29.92,Clouds,48.8534,2.3488,2026-06-21 23:00:02
3277,Berlin,21.4,Clouds,52.5244,13.4105,2026-06-21 23:00:02
3278,Madrid,30.69,Clear,40.4165,-3.7026,2026-06-21 23:00:02
3279,Rome,28.3,Clouds,34.257,-85.1647,2026-06-21 23:00:02
3280,New York,27.67,Clouds,40.7143,-74.006,2026-06-21 23:00:02
3281,Barcelona,28,Clouds,41.3888,2.159,2026-06-21 23:00:02
3282,Miami,30.82,Clear,25.7743,-80.1937,2026-06-21 23:00:02
3283,Lisbon,22.29,Clouds,38.7167,-9.1333,2026-06-22 00:00:01
3284,Porto,18.95,Clouds,41.1496,-8.611,2026-06-22 00:00:01
3285,London,20.05,Clouds,51.5085,-0.1257,2026-06-22 00:00:02
3286,Paris,28.87,Clouds,48.8534,2.3488,2026-06-22 00:00:02
3287,Berlin,20.62,Clouds,52.5244,13.4105,2026-06-22 00:00:02
3288,Madrid,29.47,Clouds,40.4165,-3.7026,2026-06-22 00:00:02
3289,Rome,28.73,Clouds,34.257,-85.1647,2026-06-22 00:00:02
3290,New York,26.8,Clouds,40.7143,-74.006,2026-06-22 00:00:02
3291,Barcelona,27.05,Clouds,41.3888,2.159,2026-06-22 00:00:02
3292,Miami,30.61,Rain,25.7743,-80.1937,2026-06-22 00:00:02
3293,Lisbon,21.19,Clouds,38.7167,-9.1333,2026-06-22 01:00:02
3294,Porto,18.7,Clouds,41.1496,-8.611,2026-06-22 01:00:03
3295,London,19.49,Clouds,51.5085,-0.1257,2026-06-22 01:00:03
3296,Paris,27.6,Clouds,48.8534,2.3488,2026-06-22 01:00:03
3297,Berlin,20.18,Clouds,52.5244,13.4105,2026-06-22 01:00:03
3298,Madrid,28.76,Clouds,40.4165,-3.7026,2026-06-22 01:00:03
3299,Rome,27.32,Clouds,34.257,-85.1647,2026-06-22 01:00:03
3300,New York,25.54,Clouds,40.7143,-74.006,2026-06-22 01:00:03
3301,Barcelona,27.33,Clouds,41.3888,2.159,2026-06-22 01:00:03
3302,Miami,30.08,Rain,25.7743,-80.1937,2026-06-22 01:00:03
3303,Lisbon,21.04,Clouds,38.7167,-9.1333,2026-06-22 02:00:03
3304,Porto,19.15,Clouds,41.1496,-8.611,2026-06-22 02:00:03
3305,London,18.81,Clouds,51.5085,-0.1257,2026-06-22 02:00:03
3306,Paris,26.15,Clouds,48.8534,2.3488,2026-06-22 02:00:03
3307,Berlin,20.17,Clouds,52.5244,13.4105,2026-06-22 02:00:03
3308,Madrid,27.53,Clouds,40.4165,-3.7026,2026-06-22 02:00:03
3309,Rome,25.4,Clouds,34.257,-85.1647,2026-06-22 02:00:03
3310,New York,24.41,Clouds,40.7143,-74.006,2026-06-22 02:00:03
3311,Barcelona,26.74,Clouds,41.3888,2.159,2026-06-22 02:00:03
3312,Miami,29.21,Rain,25.7743,-80.1937,2026-06-22 02:00:03
3313,Lisbon,21.15,Clouds,38.7167,-9.1333,2026-06-22 03:00:02
3314,Porto,18.79,Clouds,41.1496,-8.611,2026-06-22 03:00:02
3315,London,18.13,Clouds,51.5085,-0.1257,2026-06-22 03:00:03
3316,Paris,25.37,Clouds,48.8534,2.3488,2026-06-22 03:00:03
3317,Berlin,19.65,Clouds,52.5244,13.4105,2026-06-22 03:00:03
3318,Madrid,27.34,Clouds,40.4165,-3.7026,2026-06-22 03:00:03
3319,Rome,24.41,Clouds,34.257,-85.1647,2026-06-22 03:00:03
3320,New York,23.33,Clouds,40.7143,-74.006,2026-06-22 03:00:03
3321,Barcelona,26.16,Clouds,41.3888,2.159,2026-06-22 03:00:03
3322,Miami,28.29,Rain,25.7743,-80.1937,2026-06-22 03:00:03
3323,Lisbon,21.37,Clouds,38.7167,-9.1333,2026-06-22 04:00:04
3324,Porto,18.67,Clouds,41.1496,-8.611,2026-06-22 04:00:04
3325,London,17.56,Clouds,51.5085,-0.1257,2026-06-22 04:00:04
3326,Paris,24.74,Clouds,48.8534,2.3488,2026-06-22 04:00:04
3327,Berlin,19.05,Clouds,52.5244,13.4105,2026-06-22 04:00:04
3328,Madrid,26.41,Clear,40.4165,-3.7026,2026-06-22 04:00:04
3329,Rome,23.48,Clouds,34.257,-85.1647,2026-06-22 04:00:04
3330,New York,22.49,Clouds,40.7143,-74.006,2026-06-22 04:00:04
3331,Barcelona,25.71,Clouds,41.3888,2.159,2026-06-22 04:00:04
3332,Miami,27.3,Clouds,25.7743,-80.1937,2026-06-22 04:00:04
3333,Lisbon,20.58,Clouds,38.7167,-9.1333,2026-06-22 05:00:04
3334,Porto,18.47,Clouds,41.1496,-8.611,2026-06-22 05:00:04
3335,London,17.14,Clouds,51.5085,-0.1257,2026-06-22 05:00:04
3336,Paris,24.18,Clouds,48.8534,2.3488,2026-06-22 05:00:04
3337,Berlin,18.51,Clouds,52.5244,13.4105,2026-06-22 05:00:04
3338,Madrid,25.84,Clouds,40.4165,-3.7026,2026-06-22 05:00:04
3339,Rome,22.94,Clouds,34.257,-85.1647,2026-06-22 05:00:04
3340,New York,21.99,Clouds,40.7143,-74.006,2026-06-22 05:00:04
3341,Barcelona,26.08,Clear,41.3888,2.159,2026-06-22 05:00:04
3342,Miami,27.03,Clouds,25.7743,-80.1937,2026-06-22 05:00:05
3343,Lisbon,20.99,Clouds,38.7167,-9.1333,2026-06-22 06:00:04
3344,Porto,17.82,Clouds,41.1496,-8.611,2026-06-22 06:00:04
3345,London,16.72,Clouds,51.5085,-0.1257,2026-06-22 06:00:04
3346,Paris,23.74,Clouds,48.8534,2.3488,2026-06-22 06:00:04
3347,Berlin,18.45,Clouds,52.5244,13.4105,2026-06-22 06:00:04
3348,Madrid,24.62,Clouds,40.4165,-3.7026,2026-06-22 06:00:04
3349,Rome,22.52,Clear,34.257,-85.1647,2026-06-22 06:00:04
3350,New York,21.27,Clouds,40.7143,-74.006,2026-06-22 06:00:04
3351,Barcelona,25.71,Clear,41.3888,2.159,2026-06-22 06:00:04
3352,Miami,26.74,Clouds,25.7743,-80.1937,2026-06-22 06:00:04
3353,Lisbon,20.49,Clouds,38.7167,-9.1333,2026-06-22 07:00:04
3354,Porto,19.92,Clouds,41.1496,-8.611,2026-06-22 07:00:04
3355,London,17.41,Clouds,51.5085,-0.1257,2026-06-22 07:00:04
3356,Paris,26.51,Clouds,48.8534,2.3488,2026-06-22 07:00:04
3357,Berlin,19.44,Clouds,52.5244,13.4105,2026-06-22 07:00:05
3358,Madrid,24.9,Clouds,40.4165,-3.7026,2026-06-22 07:00:05
3359,Rome,22.05,Clear,34.257,-85.1647,2026-06-22 07:00:05
3360,New York,20.84,Clouds,40.7143,-74.006,2026-06-22 07:00:05
3361,Barcelona,28.04,Clear,41.3888,2.159,2026-06-22 07:00:05
3362,Miami,26.73,Clouds,25.7743,-80.1937,2026-06-22 07:00:05
3363,Lisbon,20.87,Clouds,38.7167,-9.1333,2026-06-22 08:00:05
3364,Porto,18.88,Clouds,41.1496,-8.611,2026-06-22 08:00:05
3365,London,19.12,Clouds,51.5085,-0.1257,2026-06-22 08:00:05
3366,Paris,28.25,Clear,48.8534,2.3488,2026-06-22 08:00:05
3367,Berlin,20.56,Clear,52.5244,13.4105,2026-06-22 08:00:05
3368,Madrid,26.08,Clouds,40.4165,-3.7026,2026-06-22 08:00:05
3369,Rome,21.92,Clear,34.257,-85.1647,2026-06-22 08:00:05
3370,New York,20.63,Clouds,40.7143,-74.006,2026-06-22 08:00:05
3371,Barcelona,30.09,Clear,41.3888,2.159,2026-06-22 08:00:05
3372,Miami,26.67,Clouds,25.7743,-80.1937,2026-06-22 08:00:05
3373,Lisbon,21.84,Clouds,38.7167,-9.1333,2026-06-22 09:00:04
3374,Porto,19.94,Clouds,41.1496,-8.611,2026-06-22 09:00:04
3375,London,20.3,Clouds,51.5085,-0.1257,2026-06-22 09:00:04
3376,Paris,29.43,Clouds,48.8534,2.3488,2026-06-22 09:00:05
3377,Berlin,23.24,Clear,52.5244,13.4105,2026-06-22 09:00:05
3378,Madrid,28.02,Clouds,40.4165,-3.7026,2026-06-22 09:00:05
3379,Rome,21.69,Rain,34.257,-85.1647,2026-06-22 09:00:05
3380,New York,20.66,Clouds,40.7143,-74.006,2026-06-22 09:00:05
3381,Barcelona,31.32,Clear,41.3888,2.159,2026-06-22 09:00:05
3382,Miami,26.53,Clouds,25.7743,-80.1937,2026-06-22 09:00:05
3383,Lisbon,22.61,Clouds,38.7167,-9.1333,2026-06-22 10:00:05
3384,Porto,23.04,Clouds,41.1496,-8.611,2026-06-22 10:00:05
3385,London,22.24,Clouds,51.5085,-0.1257,2026-06-22 10:00:05
3386,Paris,33.23,Clear,48.8534,2.3488,2026-06-22 10:00:05
3387,Berlin,24.41,Clear,52.5244,13.4105,2026-06-22 10:00:05
3388,Madrid,29.24,Clouds,40.4165,-3.7026,2026-06-22 10:00:05
3389,Rome,21.03,Rain,34.257,-85.1647,2026-06-22 10:00:05
3390,New York,20.22,Clouds,40.7143,-74.006,2026-06-22 10:00:05
3391,Barcelona,31.93,Clear,41.3888,2.159,2026-06-22 10:00:05
3392,Miami,26.51,Clouds,25.7743,-80.1937,2026-06-22 10:00:05
3393,Lisbon,24.25,Clouds,38.7167,-9.1333,2026-06-22 11:00:05
3394,Porto,23.6,Clouds,41.1496,-8.611,2026-06-22 11:00:05
3395,London,23.88,Clouds,51.5085,-0.1257,2026-06-22 11:00:05
3396,Paris,33.66,Clear,48.8534,2.3488,2026-06-22 11:00:05
3397,Berlin,25.33,Clear,52.5244,13.4105,2026-06-22 11:00:05
3398,Madrid,30.28,Clouds,40.4165,-3.7026,2026-06-22 11:00:05
3399,Rome,21.37,Rain,34.257,-85.1647,2026-06-22 11:00:05
3400,New York,20.36,Clouds,40.7143,-74.006,2026-06-22 11:00:05
3401,Barcelona,32.61,Clear,41.3888,2.159,2026-06-22 11:00:05
3402,Miami,26.45,Clouds,25.7743,-80.1937,2026-06-22 11:00:05
3403,Lisbon,25.37,Clouds,38.7167,-9.1333,2026-06-22 12:00:05
3404,Porto,23.6,Clouds,41.1496,-8.611,2026-06-22 12:00:05
3405,London,25.46,Clouds,51.5085,-0.1257,2026-06-22 12:00:05
3406,Paris,35.08,Clear,48.8534,2.3488,2026-06-22 12:00:06
3407,Berlin,26.72,Clear,52.5244,13.4105,2026-06-22 12:00:06
3408,Madrid,31.93,Clouds,40.4165,-3.7026,2026-06-22 12:00:06
3409,Rome,21.8,Clouds,34.257,-85.1647,2026-06-22 12:00:06
3410,New York,20.86,Clouds,40.7143,-74.006,2026-06-22 12:00:06
3411,Barcelona,32.95,Clear,41.3888,2.159,2026-06-22 12:00:06
3412,Miami,27.33,Clouds,25.7743,-80.1937,2026-06-22 12:00:06
3413,Lisbon,25.88,Clouds,38.7167,-9.1333,2026-06-22 13:00:05
3414,Porto,23.6,Clouds,41.1496,-8.611,2026-06-22 13:00:05
3415,London,26.76,Clouds,51.5085,-0.1257,2026-06-22 13:00:05
3416,Paris,36.92,Clear,48.8534,2.3488,2026-06-22 13:00:05
3417,Berlin,27.35,Clear,52.5244,13.4105,2026-06-22 13:00:05
3418,Madrid,34.01,Clouds,40.4165,-3.7026,2026-06-22 13:00:05
3419,Rome,22.49,Clouds,34.257,-85.1647,2026-06-22 13:00:05
3420,New York,21.5,Clouds,40.7143,-74.006,2026-06-22 13:00:05
3421,Barcelona,32.95,Clear,41.3888,2.159,2026-06-22 13:00:05
3422,Miami,28.16,Clouds,25.7743,-80.1937,2026-06-22 13:00:05
3423,Lisbon,27.01,Clouds,38.7167,-9.1333,2026-06-22 14:00:05
3424,Porto,23.6,Clouds,41.1496,-8.611,2026-06-22 14:00:05
3425,London,27.94,Clouds,51.5085,-0.1257,2026-06-22 14:00:05
3426,Paris,37.36,Clear,48.8534,2.3488,2026-06-22 14:00:05
3427,Berlin,26.88,Clear,52.5244,13.4105,2026-06-22 14:00:05
3428,Madrid,35.45,Clouds,40.4165,-3.7026,2026-06-22 14:00:05
3429,Rome,23.26,Clear,34.257,-85.1647,2026-06-22 14:00:05
3430,New York,21.97,Clouds,40.7143,-74.006,2026-06-22 14:00:05
3431,Barcelona,33.24,Clear,41.3888,2.159,2026-06-22 14:00:05
3432,Miami,30.12,Clear,25.7743,-80.1937,2026-06-22 14:00:05
3433,Lisbon,27.48,Clouds,38.7167,-9.1333,2026-06-22 15:00:05
3434,Porto,24.15,Clouds,41.1496,-8.611,2026-06-22 15:00:05
3435,London,28.31,Clouds,51.5085,-0.1257,2026-06-22 15:00:05
3436,Paris,38.29,Clouds,48.8534,2.3488,2026-06-22 15:00:06
3437,Berlin,28.52,Clear,52.5244,13.4105,2026-06-22 15:00:06
3438,Madrid,36.47,Clouds,40.4165,-3.7026,2026-06-22 15:00:06
3439,Rome,25.01,Rain,34.257,-85.1647,2026-06-22 15:00:06
3440,New York,22.69,Clouds,40.7143,-74.006,2026-06-22 15:00:06
3441,Barcelona,33.13,Clear,41.3888,2.159,2026-06-22 15:00:06
3442,Miami,31.63,Clear,25.7743,-80.1937,2026-06-22 15:00:06
3443,Lisbon,27.53,Clouds,38.7167,-9.1333,2026-06-22 16:00:05
3444,Porto,20.78,Clouds,41.1496,-8.611,2026-06-22 16:00:05
3445,London,27.85,Clouds,51.5085,-0.1257,2026-06-22 16:00:05
3446,Paris,36.58,Clouds,48.8534,2.3488,2026-06-22 16:00:05
3447,Berlin,27.75,Clouds,52.5244,13.4105,2026-06-22 16:00:06
3448,Madrid,36.89,Clouds,40.4165,-3.7026,2026-06-22 16:00:06
3449,Rome,26.8,Rain,34.257,-85.1647,2026-06-22 16:00:06
3450,New York,22.56,Clouds,40.7143,-74.006,2026-06-22 16:00:06
3451,Barcelona,33.75,Clear,41.3888,2.159,2026-06-22 16:00:06
3452,Miami,32.55,Clear,25.7743,-80.1937,2026-06-22 16:00:06
3453,Lisbon,27.38,Clouds,38.7167,-9.1333,2026-06-22 17:00:06
3454,Porto,20.21,Clouds,41.1496,-8.611,2026-06-22 17:00:06
3455,London,27.14,Clouds,51.5085,-0.1257,2026-06-22 17:00:06
3456,Paris,35.85,Clouds,48.8534,2.3488,2026-06-22 17:00:06
3457,Berlin,27.43,Clouds,52.5244,13.4105,2026-06-22 17:00:06
3458,Madrid,36.95,Clouds,40.4165,-3.7026,2026-06-22 17:00:06
3459,Rome,28.74,Clear,34.257,-85.1647,2026-06-22 17:00:06
3460,New York,22.73,Clouds,40.7143,-74.006,2026-06-22 17:00:06
3461,Barcelona,33.05,Clouds,41.3888,2.159,2026-06-22 17:00:06
3462,Miami,33.16,Clear,25.7743,-80.1937,2026-06-22 17:00:06
3463,Lisbon,25.44,Clouds,38.7167,-9.1333,2026-06-22 18:00:05
3464,Porto,20.18,Clouds,41.1496,-8.611,2026-06-22 18:00:05
3465,London,26.5,Clouds,51.5085,-0.1257,2026-06-22 18:00:06
3466,Paris,35.08,Clouds,48.8534,2.3488,2026-06-22 18:00:06
3467,Berlin,26.78,Clouds,52.5244,13.4105,2026-06-22 18:00:06
3468,Madrid,37.63,Clouds,40.4165,-3.7026,2026-06-22 18:00:06
3469,Rome,29.01,Clear,34.257,-85.1647,2026-06-22 18:00:06
3470,New York,22.37,Clouds,40.7143,-74.006,2026-06-22 18:00:06
3471,Barcelona,32.23,Clouds,41.3888,2.159,2026-06-22 18:00:06
3472,Miami,33.74,Clear,25.7743,-80.1937,2026-06-22 18:00:06
3473,Lisbon,23.99,Clouds,38.7167,-9.1333,2026-06-22 19:00:02
3474,Porto,19.66,Clouds,41.1496,-8.611,2026-06-22 19:00:02
3475,London,24.55,Clouds,51.5085,-0.1257,2026-06-22 19:00:02
3476,Paris,35.7,Clouds,48.8534,2.3488,2026-06-22 19:00:02
3477,Berlin,26.06,Clouds,52.5244,13.4105,2026-06-22 19:00:02
3478,Madrid,36.98,Clouds,40.4165,-3.7026,2026-06-22 19:00:02
3479,Rome,30.15,Clear,34.257,-85.1647,2026-06-22 19:00:02
3480,New York,22.76,Clouds,40.7143,-74.006,2026-06-22 19:00:02
3481,Barcelona,31.69,Clouds,41.3888,2.159,2026-06-22 19:00:02
3482,Miami,33.53,Rain,25.7743,-80.1937,2026-06-22 19:00:02
3483,Lisbon,23.64,Clouds,38.7167,-9.1333,2026-06-22 20:00:02
3484,Porto,19.25,Clouds,41.1496,-8.611,2026-06-22 20:00:02
3485,London,23.18,Clouds,51.5085,-0.1257,2026-06-22 20:00:02
3486,Paris,33.71,Clouds,48.8534,2.3488,2026-06-22 20:00:02
3487,Berlin,24.35,Clouds,52.5244,13.4105,2026-06-22 20:00:02
3488,Madrid,36.2,Clouds,40.4165,-3.7026,2026-06-22 20:00:02
3489,Rome,30.96,Clouds,34.257,-85.1647,2026-06-22 20:00:02
3490,New York,22.53,Clouds,40.7143,-74.006,2026-06-22 20:00:02
3491,Barcelona,31.13,Clouds,41.3888,2.159,2026-06-22 20:00:03
3492,Miami,33.63,Rain,25.7743,-80.1937,2026-06-22 20:00:03
3493,Lisbon,23.25,Clouds,38.7167,-9.1333,2026-06-22 21:00:01
3494,Porto,19.64,Clouds,41.1496,-8.611,2026-06-22 21:00:01
3495,London,22.38,Clouds,51.5085,-0.1257,2026-06-22 21:00:01
3496,Paris,32.81,Clouds,48.8534,2.3488,2026-06-22 21:00:01
3497,Berlin,22.59,Clouds,52.5244,13.4105,2026-06-22 21:00:01
3498,Madrid,34.69,Clouds,40.4165,-3.7026,2026-06-22 21:00:01
3499,Rome,32.08,Clear,34.257,-85.1647,2026-06-22 21:00:01
3500,New York,21.35,Rain,40.7143,-74.006,2026-06-22 21:00:01
3501,Barcelona,29.2,Clouds,41.3888,2.159,2026-06-22 21:00:01
3502,Miami,33.2,Clear,25.7743,-80.1937,2026-06-22 21:00:01
3503,Lisbon,23.13,Clouds,38.7167,-9.1333,2026-06-22 22:00:01
3504,Porto,19.39,Clouds,41.1496,-8.611,2026-06-22 22:00:01
3505,London,20.86,Rain,51.5085,-0.1257,2026-06-22 22:00:01
3506,Paris,31.57,Clouds,48.8534,2.3488,2026-06-22 22:00:01
3507,Berlin,21.27,Clouds,52.5244,13.4105,2026-06-22 22:00:01
3508,Madrid,31.95,Clouds,40.4165,-3.7026,2026-06-22 22:00:01
3509,Rome,31.85,Clouds,34.257,-85.1647,2026-06-22 22:00:01
3510,New York,20.46,Rain,40.7143,-74.006,2026-06-22 22:00:01
3511,Barcelona,27.08,Clouds,41.3888,2.159,2026-06-22 22:00:01
3512,Miami,31.72,Clear,25.7743,-80.1937,2026-06-22 22:00:01
3513,Lisbon,22.79,Clouds,38.7167,-9.1333,2026-06-22 23:00:02
3514,Porto,19.48,Clouds,41.1496,-8.611,2026-06-22 23:00:02
3515,London,20.41,Clouds,51.5085,-0.1257,2026-06-22 23:00:02
3516,Paris,30.44,Clouds,48.8534,2.3488,2026-06-22 23:00:02
3517,Berlin,19.9,Clouds,52.5244,13.4105,2026-06-22 23:00:02
3518,Madrid,31.86,Clouds,40.4165,-3.7026,2026-06-22 23:00:02
3519,Rome,30.18,Clouds,34.257,-85.1647,2026-06-22 23:00:03
3520,New York,20.38,Clouds,40.7143,-74.006,2026-06-22 23:00:03
3521,Barcelona,26.92,Clouds,41.3888,2.159,2026-06-22 23:00:03
3522,Miami,31.04,Clear,25.7743,-80.1937,2026-06-22 23:00:03
3523,Lisbon,21.6,Clouds,38.7167,-9.1333,2026-06-23 00:00:02
3524,Porto,19.15,Clouds,41.1496,-8.611,2026-06-23 00:00:02
3525,London,19.9,Clouds,51.5085,-0.1257,2026-06-23 00:00:02
3526,Paris,29.26,Clouds,48.8534,2.3488,2026-06-23 00:00:02
3527,Berlin,18.64,Clouds,52.5244,13.4105,2026-06-23 00:00:03
3528,Madrid,30.84,Clouds,40.4165,-3.7026,2026-06-23 00:00:03
3529,Rome,29.31,Clouds,34.257,-85.1647,2026-06-23 00:00:03
3530,New York,20.59,Rain,40.7143,-74.006,2026-06-23 00:00:03
3531,Barcelona,26.34,Clouds,41.3888,2.159,2026-06-23 00:00:03
3532,Miami,30.5,Clear,25.7743,-80.1937,2026-06-23 00:00:03
3533,Lisbon,20.57,Clouds,38.7167,-9.1333,2026-06-23 01:00:02
3534,Porto,19.21,Clouds,41.1496,-8.611,2026-06-23 01:00:02
3535,London,19.59,Clouds,51.5085,-0.1257,2026-06-23 01:00:02
3536,Paris,28.68,Clouds,48.8534,2.3488,2026-06-23 01:00:02
3537,Berlin,16.82,Clouds,52.5244,13.4105,2026-06-23 01:00:02
3538,Madrid,29.45,Clouds,40.4165,-3.7026,2026-06-23 01:00:03
3539,Rome,27.92,Clouds,34.257,-85.1647,2026-06-23 01:00:03
3540,New York,20.62,Clouds,40.7143,-74.006,2026-06-23 01:00:03
3541,Barcelona,26.62,Clouds,41.3888,2.159,2026-06-23 01:00:03
3542,Miami,30.14,Clear,25.7743,-80.1937,2026-06-23 01:00:03
3543,Lisbon,20.61,Clouds,38.7167,-9.1333,2026-06-23 02:00:03
3544,Porto,19.02,Clouds,41.1496,-8.611,2026-06-23 02:00:04
3545,London,19.04,Clouds,51.5085,-0.1257,2026-06-23 02:00:04
3546,Paris,27.5,Clear,48.8534,2.3488,2026-06-23 02:00:04
3547,Berlin,15.52,Clouds,52.5244,13.4105,2026-06-23 02:00:04
3548,Madrid,28.36,Clouds,40.4165,-3.7026,2026-06-23 02:00:04
3549,Rome,22.37,Rain,34.257,-85.1647,2026-06-23 02:00:04
3550,New York,20.79,Clouds,40.7143,-74.006,2026-06-23 02:00:04
3551,Barcelona,26.17,Clear,41.3888,2.159,2026-06-23 02:00:04
3552,Miami,29.34,Clear,25.7743,-80.1937,2026-06-23 02:00:04
3553,Lisbon,20.77,Clouds,38.7167,-9.1333,2026-06-23 03:00:03
3554,Porto,19.24,Clouds,41.1496,-8.611,2026-06-23 03:00:03
3555,London,18.67,Clouds,51.5085,-0.1257,2026-06-23 03:00:03
3556,Paris,26.14,Clear,48.8534,2.3488,2026-06-23 03:00:04
3557,Berlin,15.91,Clouds,52.5244,13.4105,2026-06-23 03:00:04
3558,Madrid,27.3,Clouds,40.4165,-3.7026,2026-06-23 03:00:04
3559,Rome,22.41,Clouds,34.257,-85.1647,2026-06-23 03:00:04
3560,New York,21.37,Rain,40.7143,-74.006,2026-06-23 03:00:04
3561,Barcelona,26.23,Clear,41.3888,2.159,2026-06-23 03:00:04
3562,Miami,28.88,Rain,25.7743,-80.1937,2026-06-23 03:00:04
3563,Lisbon,20.91,Clouds,38.7167,-9.1333,2026-06-23 04:00:04
3564,Porto,20.51,Clouds,41.1496,-8.611,2026-06-23 04:00:04
3565,London,18.56,Clouds,51.5085,-0.1257,2026-06-23 04:00:04
3566,Paris,23.93,Clear,48.8534,2.3488,2026-06-23 04:00:04
3567,Berlin,16.21,Clouds,52.5244,13.4105,2026-06-23 04:00:04
3568,Madrid,25.67,Clouds,40.4165,-3.7026,2026-06-23 04:00:04
3569,Rome,22.49,Clouds,34.257,-85.1647,2026-06-23 04:00:04
3570,New York,21.19,Rain,40.7143,-74.006,2026-06-23 04:00:04
3571,Barcelona,25.48,Clouds,41.3888,2.159,2026-06-23 04:00:04
3572,Miami,28.76,Clouds,25.7743,-80.1937,2026-06-23 04:00:04
3573,Lisbon,21.25,Clouds,38.7167,-9.1333,2026-06-23 05:00:03
3574,Porto,20.74,Clouds,41.1496,-8.611,2026-06-23 05:00:03
3575,London,18.77,Clouds,51.5085,-0.1257,2026-06-23 05:00:04
3576,Paris,23.01,Clear,48.8534,2.3488,2026-06-23 05:00:04
3577,Berlin,16.01,Clouds,52.5244,13.4105,2026-06-23 05:00:04
3578,Madrid,24.4,Clouds,40.4165,-3.7026,2026-06-23 05:00:04
3579,Rome,22.66,Clouds,34.257,-85.1647,2026-06-23 05:00:04
3580,New York,21.23,Clouds,40.7143,-74.006,2026-06-23 05:00:04
3581,Barcelona,25.92,Clouds,41.3888,2.159,2026-06-23 05:00:04
3582,Miami,28.61,Clouds,25.7743,-80.1937,2026-06-23 05:00:04
3583,Lisbon,20.54,Clouds,38.7167,-9.1333,2026-06-23 06:00:03
3584,Porto,21.61,Clouds,41.1496,-8.611,2026-06-23 06:00:03
3585,London,18.73,Clouds,51.5085,-0.1257,2026-06-23 06:00:03
3586,Paris,24.02,Clear,48.8534,2.3488,2026-06-23 06:00:03
3587,Berlin,17.15,Clouds,52.5244,13.4105,2026-06-23 06:00:03
3588,Madrid,24.31,Clouds,40.4165,-3.7026,2026-06-23 06:00:03
3589,Rome,23.51,Clouds,34.257,-85.1647,2026-06-23 06:00:03
3590,New York,21.18,Rain,40.7143,-74.006,2026-06-23 06:00:04
3591,Barcelona,25.86,Clouds,41.3888,2.159,2026-06-23 06:00:04
3592,Miami,27.71,Clouds,25.7743,-80.1937,2026-06-23 06:00:04
3593,Lisbon,21.07,Clouds,38.7167,-9.1333,2026-06-23 07:00:03
3594,Porto,23.01,Clouds,41.1496,-8.611,2026-06-23 07:00:03
3595,London,18.93,Clouds,51.5085,-0.1257,2026-06-23 07:00:03
3596,Paris,26.16,Clouds,48.8534,2.3488,2026-06-23 07:00:03
3597,Berlin,18.69,Clouds,52.5244,13.4105,2026-06-23 07:00:03
3598,Madrid,24.5,Clouds,40.4165,-3.7026,2026-06-23 07:00:03
3599,Rome,23.41,Clouds,34.257,-85.1647,2026-06-23 07:00:03
3600,New York,20.97,Rain,40.7143,-74.006,2026-06-23 07:00:03
3601,Barcelona,27.54,Clouds,41.3888,2.159,2026-06-23 07:00:03
3602,Miami,27.8,Clouds,25.7743,-80.1937,2026-06-23 07:00:04
3603,Lisbon,21,Clouds,38.7167,-9.1333,2026-06-23 08:00:04
3604,Porto,23.04,Clouds,41.1496,-8.611,2026-06-23 08:00:04
3605,London,19.89,Clear,51.5085,-0.1257,2026-06-23 08:00:04
3606,Paris,27.6,Clouds,48.8534,2.3488,2026-06-23 08:00:04
3607,Berlin,20.28,Clouds,52.5244,13.4105,2026-06-23 08:00:04
3608,Madrid,25.63,Clouds,40.4165,-3.7026,2026-06-23 08:00:04
3609,Rome,22.82,Clouds,34.257,-85.1647,2026-06-23 08:00:04
3610,New York,21,Clouds,40.7143,-74.006,2026-06-23 08:00:04
3611,Barcelona,28.34,Clear,41.3888,2.159,2026-06-23 08:00:04
3612,Miami,27.29,Clouds,25.7743,-80.1937,2026-06-23 08:00:05
3613,Lisbon,21.69,Clouds,38.7167,-9.1333,2026-06-23 09:00:04
3614,Porto,23.04,Clouds,41.1496,-8.611,2026-06-23 09:00:05
3615,London,21.93,Clouds,51.5085,-0.1257,2026-06-23 09:00:05
3616,Paris,29.5,Clouds,48.8534,2.3488,2026-06-23 09:00:05
3617,Berlin,24.83,Clouds,52.5244,13.4105,2026-06-23 09:00:05
3618,Madrid,28.38,Clouds,40.4165,-3.7026,2026-06-23 09:00:05
3619,Rome,22.6,Clouds,34.257,-85.1647,2026-06-23 09:00:05
3620,New York,20.87,Clouds,40.7143,-74.006,2026-06-23 09:00:05
3621,Barcelona,29.58,Clear,41.3888,2.159,2026-06-23 09:00:05
3622,Miami,27.19,Clouds,25.7743,-80.1937,2026-06-23 09:00:05
3623,Lisbon,23.09,Clouds,38.7167,-9.1333,2026-06-23 10:00:05
3624,Porto,23.04,Clouds,41.1496,-8.611,2026-06-23 10:00:05
3625,London,24.32,Clear,51.5085,-0.1257,2026-06-23 10:00:05
3626,Paris,33.22,Clouds,48.8534,2.3488,2026-06-23 10:00:05
3627,Berlin,25.87,Clouds,52.5244,13.4105,2026-06-23 10:00:05
3628,Madrid,29.65,Clouds,40.4165,-3.7026,2026-06-23 10:00:05
3629,Rome,22.12,Clouds,34.257,-85.1647,2026-06-23 10:00:05
3630,New York,21.13,Rain,40.7143,-74.006,2026-06-23 10:00:05
3631,Barcelona,31.22,Clear,41.3888,2.159,2026-06-23 10:00:05
3632,Miami,27.13,Clouds,25.7743,-80.1937,2026-06-23 10:00:05
3633,Lisbon,23.62,Clouds,38.7167,-9.1333,2026-06-23 11:00:03
3634,Porto,23.04,Clouds,41.1496,-8.611,2026-06-23 11:00:03
3635,London,26.62,Clouds,51.5085,-0.1257,2026-06-23 11:00:03
3636,Paris,33.93,Clouds,48.8534,2.3488,2026-06-23 11:00:03
3637,Berlin,26.24,Clouds,52.5244,13.4105,2026-06-23 11:00:03
3638,Madrid,31.82,Clouds,40.4165,-3.7026,2026-06-23 11:00:03
3639,Rome,21.55,Clouds,34.257,-85.1647,2026-06-23 11:00:03
3640,New York,21.29,Clouds,40.7143,-74.006,2026-06-23 11:00:03
3641,Barcelona,31.2,Clear,41.3888,2.159,2026-06-23 11:00:03
3642,Miami,27.32,Clouds,25.7743,-80.1937,2026-06-23 11:00:03
3643,Lisbon,25.03,Clouds,38.7167,-9.1333,2026-06-23 12:00:03
3644,Porto,22.49,Clouds,41.1496,-8.611,2026-06-23 12:00:03
3645,London,29.15,Clouds,51.5085,-0.1257,2026-06-23 12:00:03
3646,Paris,35.04,Clouds,48.8534,2.3488,2026-06-23 12:00:03
3647,Berlin,27.29,Clouds,52.5244,13.4105,2026-06-23 12:00:03
3648,Madrid,33.83,Clouds,40.4165,-3.7026,2026-06-23 12:00:03
3649,Rome,21.29,Clouds,34.257,-85.1647,2026-06-23 12:00:03
3650,New York,21.39,Clouds,40.7143,-74.006,2026-06-23 12:00:03
3651,Barcelona,31.32,Clear,41.3888,2.159,2026-06-23 12:00:03
3652,Miami,27.07,Clouds,25.7743,-80.1937,2026-06-23 12:00:03
3653,Lisbon,25.47,Clouds,38.7167,-9.1333,2026-06-23 13:00:06
3654,Porto,22.49,Rain,41.1496,-8.611,2026-06-23 13:00:06
3655,London,30.47,Clouds,51.5085,-0.1257,2026-06-23 13:00:06
3656,Paris,37.16,Clouds,48.8534,2.3488,2026-06-23 13:00:06
3657,Berlin,28.36,Clouds,52.5244,13.4105,2026-06-23 13:00:06
3658,Madrid,35.11,Clouds,40.4165,-3.7026,2026-06-23 13:00:06
3659,Rome,21.71,Clouds,34.257,-85.1647,2026-06-23 13:00:06
3660,New York,21,Clouds,40.7143,-74.006,2026-06-23 13:00:06
3661,Barcelona,31.74,Clear,41.3888,2.159,2026-06-23 13:00:06
3662,Miami,27.75,Clouds,25.7743,-80.1937,2026-06-23 13:00:06
3663,Lisbon,28.52,Clouds,38.7167,-9.1333,2026-06-23 14:00:05
3664,Porto,23.04,Clouds,41.1496,-8.611,2026-06-23 14:00:05
3665,London,31.7,Clouds,51.5085,-0.1257,2026-06-23 14:00:05
3666,Paris,37.25,Clear,48.8534,2.3488,2026-06-23 14:00:05
3667,Berlin,28.4,Clouds,52.5244,13.4105,2026-06-23 14:00:05
3668,Madrid,36.4,Clouds,40.4165,-3.7026,2026-06-23 14:00:05
3669,Rome,22.6,Clouds,34.257,-85.1647,2026-06-23 14:00:06
3670,New York,20.64,Clouds,40.7143,-74.006,2026-06-23 14:00:06
3671,Barcelona,31.38,Clear,41.3888,2.159,2026-06-23 14:00:06
3672,Miami,29.5,Clouds,25.7743,-80.1937,2026-06-23 14:00:06
3673,Lisbon,28.98,Clouds,38.7167,-9.1333,2026-06-23 15:00:06
3674,Porto,23.6,Clouds,41.1496,-8.611,2026-06-23 15:00:07
3675,London,32.42,Clouds,51.5085,-0.1257,2026-06-23 15:00:07
3676,Paris,37.81,Clouds,48.8534,2.3488,2026-06-23 15:00:07
3677,Berlin,28.42,Clouds,52.5244,13.4105,2026-06-23 15:00:07
3678,Madrid,37.23,Clear,40.4165,-3.7026,2026-06-23 15:00:07
3679,Rome,23.03,Clouds,34.257,-85.1647,2026-06-23 15:00:07
3680,New York,20.28,Rain,40.7143,-74.006,2026-06-23 15:00:07
3681,Barcelona,31.64,Clear,41.3888,2.159,2026-06-23 15:00:07
3682,Miami,30.91,Rain,25.7743,-80.1937,2026-06-23 15:00:07
3683,Lisbon,29.95,Clouds,38.7167,-9.1333,2026-06-23 16:00:05
3684,Porto,23.6,Clouds,41.1496,-8.611,2026-06-23 16:00:05
3685,London,33.13,Clouds,51.5085,-0.1257,2026-06-23 16:00:05
3686,Paris,38.36,Clear,48.8534,2.3488,2026-06-23 16:00:05
3687,Berlin,29.8,Clouds,52.5244,13.4105,2026-06-23 16:00:05
3688,Madrid,37.74,Clouds,40.4165,-3.7026,2026-06-23 16:00:05
3689,Rome,23.12,Clouds,34.257,-85.1647,2026-06-23 16:00:05
3690,New York,20.58,Clouds,40.7143,-74.006,2026-06-23 16:00:05
3691,Barcelona,31.89,Clear,41.3888,2.159,2026-06-23 16:00:05
3692,Miami,32.4,Rain,25.7743,-80.1937,2026-06-23 16:00:05
3693,Lisbon,23.21,Clouds,38.7167,-9.1333,2026-06-23 17:00:05
3694,Porto,23.6,Clouds,41.1496,-8.611,2026-06-23 17:00:05
3695,London,33.62,Clear,51.5085,-0.1257,2026-06-23 17:00:05
3696,Paris,38.36,Clear,48.8534,2.3488,2026-06-23 17:00:05
3697,Berlin,27.92,Clouds,52.5244,13.4105,2026-06-23 17:00:06
3698,Madrid,38.2,Clouds,40.4165,-3.7026,2026-06-23 17:00:06
3699,Rome,24.7,Clouds,34.257,-85.1647,2026-06-23 17:00:06
3700,New York,20.68,Rain,40.7143,-74.006,2026-06-23 17:00:06
3701,Barcelona,31.61,Clear,41.3888,2.159,2026-06-23 17:00:06
3702,Miami,32.33,Rain,25.7743,-80.1937,2026-06-23 17:00:06
3703,Lisbon,23.06,Clouds,38.7167,-9.1333,2026-06-23 18:00:01
3704,Porto,24.15,Clouds,41.1496,-8.611,2026-06-23 18:00:01
3705,London,33.61,Clear,51.5085,-0.1257,2026-06-23 18:00:01
3706,Paris,37.25,Clouds,48.8534,2.3488,2026-06-23 18:00:01
3707,Berlin,27.25,Clouds,52.5244,13.4105,2026-06-23 18:00:01
3708,Madrid,38.45,Clouds,40.4165,-3.7026,2026-06-23 18:00:01
3709,Rome,24.08,Clouds,34.257,-85.1647,2026-06-23 18:00:01
3710,New York,20.67,Rain,40.7143,-74.006,2026-06-23 18:00:01
3711,Barcelona,31.51,Clear,41.3888,2.159,2026-06-23 18:00:01
3712,Miami,32.48,Rain,25.7743,-80.1937,2026-06-23 18:00:01
3713,Lisbon,22.59,Clouds,38.7167,-9.1333,2026-06-23 19:00:01
3714,Porto,21.07,Clouds,41.1496,-8.611,2026-06-23 19:00:01
3715,London,32.92,Clear,51.5085,-0.1257,2026-06-23 19:00:01
3716,Paris,36.86,Clouds,48.8534,2.3488,2026-06-23 19:00:01
3717,Berlin,26.62,Clouds,52.5244,13.4105,2026-06-23 19:00:01
3718,Madrid,37.74,Clouds,40.4165,-3.7026,2026-06-23 19:00:02
3719,Rome,25.7,Clouds,34.257,-85.1647,2026-06-23 19:00:02
3720,New York,21,Rain,40.7143,-74.006,2026-06-23 19:00:02
3721,Barcelona,30.65,Clear,41.3888,2.159,2026-06-23 19:00:02
3722,Miami,30.56,Clouds,25.7743,-80.1937,2026-06-23 19:00:02
3723,Lisbon,23.21,Clear,38.7167,-9.1333,2026-06-23 20:00:01
3724,Porto,24.15,Clouds,41.1496,-8.611,2026-06-23 20:00:01
3725,London,30.79,Clear,51.5085,-0.1257,2026-06-23 20:00:01
3726,Paris,33.59,Clear,48.8534,2.3488,2026-06-23 20:00:01
3727,Berlin,25.65,Clear,52.5244,13.4105,2026-06-23 20:00:01
3728,Madrid,37.29,Clouds,40.4165,-3.7026,2026-06-23 20:00:02
3729,Rome,26.26,Clear,34.257,-85.1647,2026-06-23 20:00:02
3730,New York,21.08,Rain,40.7143,-74.006,2026-06-23 20:00:02
3731,Barcelona,29.55,Clear,41.3888,2.159,2026-06-23 20:00:02
3732,Miami,29.93,Rain,25.7743,-80.1937,2026-06-23 20:00:02
3733,Lisbon,23.55,Clouds,38.7167,-9.1333,2026-06-23 21:00:02
3734,Porto,24.15,Clouds,41.1496,-8.611,2026-06-23 21:00:02
3735,London,28.41,Clear,51.5085,-0.1257,2026-06-23 21:00:02
3736,Paris,32.48,Clear,48.8534,2.3488,2026-06-23 21:00:02
3737,Berlin,23.23,Clear,52.5244,13.4105,2026-06-23 21:00:02
3738,Madrid,35.41,Clouds,40.4165,-3.7026,2026-06-23 21:00:02
3739,Rome,26.06,Clear,34.257,-85.1647,2026-06-23 21:00:02
3740,New York,21.18,Clouds,40.7143,-74.006,2026-06-23 21:00:02
3741,Barcelona,27.96,Clear,41.3888,2.159,2026-06-23 21:00:02
3742,Miami,29.98,Rain,25.7743,-80.1937,2026-06-23 21:00:03
3743,Lisbon,22.39,Clouds,38.7167,-9.1333,2026-06-23 22:00:02
3744,Porto,20.91,Clouds,41.1496,-8.611,2026-06-23 22:00:02
3745,London,26.44,Clear,51.5085,-0.1257,2026-06-23 22:00:02
3746,Paris,30.39,Clear,48.8534,2.3488,2026-06-23 22:00:02
3747,Berlin,21.22,Clear,52.5244,13.4105,2026-06-23 22:00:02
3748,Madrid,32.28,Clouds,40.4165,-3.7026,2026-06-23 22:00:02
3749,Rome,26.26,Clear,34.257,-85.1647,2026-06-23 22:00:03
3750,New York,21.13,Rain,40.7143,-74.006,2026-06-23 22:00:03
3751,Barcelona,27.7,Clear,41.3888,2.159,2026-06-23 22:00:03
3752,Miami,29.69,Clouds,25.7743,-80.1937,2026-06-23 22:00:03
3753,Lisbon,20.26,Clouds,38.7167,-9.1333,2026-06-23 23:00:01
3754,Porto,20.04,Clouds,41.1496,-8.611,2026-06-23 23:00:01
3755,London,25.69,Clear,51.5085,-0.1257,2026-06-23 23:00:01
3756,Paris,28.36,Clear,48.8534,2.3488,2026-06-23 23:00:01
3757,Berlin,19.91,Clear,52.5244,13.4105,2026-06-23 23:00:01
3758,Madrid,31.14,Clouds,40.4165,-3.7026,2026-06-23 23:00:01
3759,Rome,26.07,Clear,34.257,-85.1647,2026-06-23 23:00:01
3760,New York,20.4,Rain,40.7143,-74.006,2026-06-23 23:00:01
3761,Barcelona,27.49,Clear,41.3888,2.159,2026-06-23 23:00:01
3762,Miami,29.52,Clouds,25.7743,-80.1937,2026-06-23 23:00:01
3763,Lisbon,20.49,Clouds,38.7167,-9.1333,2026-06-24 00:00:02
3764,Porto,19.64,Clouds,41.1496,-8.611,2026-06-24 00:00:02
3765,London,24.62,Clear,51.5085,-0.1257,2026-06-24 00:00:02
3766,Paris,27.02,Clear,48.8534,2.3488,2026-06-24 00:00:02
3767,Berlin,18.77,Clear,52.5244,13.4105,2026-06-24 00:00:02
3768,Madrid,31.08,Clouds,40.4165,-3.7026,2026-06-24 00:00:02
3769,Rome,25.11,Clear,34.257,-85.1647,2026-06-24 00:00:02
3770,New York,20.35,Clouds,40.7143,-74.006,2026-06-24 00:00:02
3771,Barcelona,26.75,Clouds,41.3888,2.159,2026-06-24 00:00:03
3772,Miami,29.53,Clouds,25.7743,-80.1937,2026-06-24 00:00:03
3773,Lisbon,20.01,Clouds,38.7167,-9.1333,2026-06-24 01:00:03
3774,Porto,19.42,Clouds,41.1496,-8.611,2026-06-24 01:00:03
3775,London,23.77,Clear,51.5085,-0.1257,2026-06-24 01:00:03
3776,Paris,26.67,Clear,48.8534,2.3488,2026-06-24 01:00:03
3777,Berlin,18.25,Clouds,52.5244,13.4105,2026-06-24 01:00:03
3778,Madrid,30.24,Clouds,40.4165,-3.7026,2026-06-24 01:00:03
3779,Rome,24.41,Clear,34.257,-85.1647,2026-06-24 01:00:03
3780,New York,20.6,Clouds,40.7143,-74.006,2026-06-24 01:00:03
3781,Barcelona,26.33,Clouds,41.3888,2.159,2026-06-24 01:00:04
3782,Miami,28.91,Clouds,25.7743,-80.1937,2026-06-24 01:00:04
3783,Lisbon,19.94,Clouds,38.7167,-9.1333,2026-06-24 02:00:03
3784,Porto,19.13,Clouds,41.1496,-8.611,2026-06-24 02:00:03
3785,London,23.06,Clear,51.5085,-0.1257,2026-06-24 02:00:03
3786,Paris,25.56,Clear,48.8534,2.3488,2026-06-24 02:00:04
3787,Berlin,18.73,Clouds,52.5244,13.4105,2026-06-24 02:00:04
3788,Madrid,28.71,Clouds,40.4165,-3.7026,2026-06-24 02:00:04
3789,Rome,21.99,Clear,34.257,-85.1647,2026-06-24 02:00:04
3790,New York,20.41,Clouds,40.7143,-74.006,2026-06-24 02:00:04
3791,Barcelona,25.33,Clouds,41.3888,2.159,2026-06-24 02:00:04
3792,Miami,28.28,Clouds,25.7743,-80.1937,2026-06-24 02:00:04
3793,Lisbon,19.87,Clouds,38.7167,-9.1333,2026-06-24 03:00:03
3794,Porto,19.03,Clouds,41.1496,-8.611,2026-06-24 03:00:03
3795,London,22.36,Clear,51.5085,-0.1257,2026-06-24 03:00:03
3796,Paris,24.89,Clear,48.8534,2.3488,2026-06-24 03:00:03
3797,Berlin,18.86,Clouds,52.5244,13.4105,2026-06-24 03:00:03
3798,Madrid,27.88,Clouds,40.4165,-3.7026,2026-06-24 03:00:03
3799,Rome,20.72,Clear,34.257,-85.1647,2026-06-24 03:00:03
3800,New York,20.22,Clouds,40.7143,-74.006,2026-06-24 03:00:04
3801,Barcelona,24.99,Clouds,41.3888,2.159,2026-06-24 03:00:04
3802,Miami,28.36,Clouds,25.7743,-80.1937,2026-06-24 03:00:04
3803,Lisbon,19.2,Clouds,38.7167,-9.1333,2026-06-24 04:00:03
3804,Porto,18.92,Clouds,41.1496,-8.611,2026-06-24 04:00:04
3805,London,21.52,Clear,51.5085,-0.1257,2026-06-24 04:00:04
3806,Paris,23.88,Clear,48.8534,2.3488,2026-06-24 04:00:04
3807,Berlin,19.13,Clouds,52.5244,13.4105,2026-06-24 04:00:04
3808,Madrid,26.68,Clouds,40.4165,-3.7026,2026-06-24 04:00:04
3809,Rome,19.37,Clear,34.257,-85.1647,2026-06-24 04:00:04
3810,New York,20.07,Clouds,40.7143,-74.006,2026-06-24 04:00:04
3811,Barcelona,24.4,Clouds,41.3888,2.159,2026-06-24 04:00:04
3812,Miami,28.15,Clouds,25.7743,-80.1937,2026-06-24 04:00:04
3813,Lisbon,19.95,Clouds,38.7167,-9.1333,2026-06-24 05:00:04
3814,Porto,18.69,Clouds,41.1496,-8.611,2026-06-24 05:00:04
3815,London,21.22,Clear,51.5085,-0.1257,2026-06-24 05:00:04
3816,Paris,23.63,Clear,48.8534,2.3488,2026-06-24 05:00:04
3817,Berlin,17.76,Clouds,52.5244,13.4105,2026-06-24 05:00:04
3818,Madrid,25.85,Clouds,40.4165,-3.7026,2026-06-24 05:00:04
3819,Rome,18.68,Clear,34.257,-85.1647,2026-06-24 05:00:04
3820,New York,19.54,Clouds,40.7143,-74.006,2026-06-24 05:00:05
3821,Barcelona,24.2,Clouds,41.3888,2.159,2026-06-24 05:00:05
3822,Miami,27.55,Clouds,25.7743,-80.1937,2026-06-24 05:00:05
3823,Lisbon,19.69,Clouds,38.7167,-9.1333,2026-06-24 06:00:05
3824,Porto,18.59,Clouds,41.1496,-8.611,2026-06-24 06:00:05
3825,London,21.22,Clear,51.5085,-0.1257,2026-06-24 06:00:05
3826,Paris,23.62,Clear,48.8534,2.3488,2026-06-24 06:00:05
3827,Berlin,19.32,Clouds,52.5244,13.4105,2026-06-24 06:00:05
3828,Madrid,24.93,Clouds,40.4165,-3.7026,2026-06-24 06:00:05
3829,Rome,18.04,Clear,34.257,-85.1647,2026-06-24 06:00:05
3830,New York,19.55,Clouds,40.7143,-74.006,2026-06-24 06:00:05
3831,Barcelona,24.74,Clouds,41.3888,2.159,2026-06-24 06:00:05
3832,Miami,27.32,Clouds,25.7743,-80.1937,2026-06-24 06:00:05
3833,Lisbon,19.73,Clouds,38.7167,-9.1333,2026-06-24 07:00:05
3834,Porto,19.04,Clouds,41.1496,-8.611,2026-06-24 07:00:05
3835,London,22.73,Clear,51.5085,-0.1257,2026-06-24 07:00:05
3836,Paris,27.63,Clear,48.8534,2.3488,2026-06-24 07:00:05
3837,Berlin,20.69,Clouds,52.5244,13.4105,2026-06-24 07:00:05
3838,Madrid,25.86,Clouds,40.4165,-3.7026,2026-06-24 07:00:05
3839,Rome,17.71,Clear,34.257,-85.1647,2026-06-24 07:00:05
3840,New York,19.38,Clouds,40.7143,-74.006,2026-06-24 07:00:05
3841,Barcelona,26.82,Clouds,41.3888,2.159,2026-06-24 07:00:05
3842,Miami,26.79,Clouds,25.7743,-80.1937,2026-06-24 07:00:05
3843,Lisbon,20.49,Clouds,38.7167,-9.1333,2026-06-24 08:00:05
3844,Porto,20.35,Clouds,41.1496,-8.611,2026-06-24 08:00:05
3845,London,25.11,Clear,51.5085,-0.1257,2026-06-24 08:00:05
3846,Paris,28.45,Clear,48.8534,2.3488,2026-06-24 08:00:05
3847,Berlin,24.14,Clouds,52.5244,13.4105,2026-06-24 08:00:05
3848,Madrid,26.61,Clouds,40.4165,-3.7026,2026-06-24 08:00:05
3849,Rome,17.61,Clear,34.257,-85.1647,2026-06-24 08:00:05
3850,New York,18.95,Clear,40.7143,-74.006,2026-06-24 08:00:05
3851,Barcelona,28.33,Clouds,41.3888,2.159,2026-06-24 08:00:05
3852,Miami,27.02,Clouds,25.7743,-80.1937,2026-06-24 08:00:05
3853,Lisbon,21.34,Clouds,38.7167,-9.1333,2026-06-24 09:00:05
3854,Porto,21.24,Clouds,41.1496,-8.611,2026-06-24 09:00:05
3855,London,27.24,Clear,51.5085,-0.1257,2026-06-24 09:00:05
3856,Paris,30.91,Clear,48.8534,2.3488,2026-06-24 09:00:05
3857,Berlin,27,Clouds,52.5244,13.4105,2026-06-24 09:00:05
3858,Madrid,28.15,Clouds,40.4165,-3.7026,2026-06-24 09:00:05
3859,Rome,17.28,Clouds,34.257,-85.1647,2026-06-24 09:00:05
3860,New York,18.73,Clouds,40.7143,-74.006,2026-06-24 09:00:05
3861,Barcelona,29.94,Clouds,41.3888,2.159,2026-06-24 09:00:05
3862,Miami,26.86,Clouds,25.7743,-80.1937,2026-06-24 09:00:05
3863,Lisbon,22.01,Clouds,38.7167,-9.1333,2026-06-24 10:00:05
3864,Porto,24.15,Clouds,41.1496,-8.611,2026-06-24 10:00:05
3865,London,29.09,Clear,51.5085,-0.1257,2026-06-24 10:00:05
3866,Paris,33.27,Clear,48.8534,2.3488,2026-06-24 10:00:05
3867,Berlin,27.13,Clouds,52.5244,13.4105,2026-06-24 10:00:05
3868,Madrid,29.83,Clouds,40.4165,-3.7026,2026-06-24 10:00:05
3869,Rome,16.67,Clouds,34.257,-85.1647,2026-06-24 10:00:05
3870,New York,18.47,Clouds,40.7143,-74.006,2026-06-24 10:00:05
3871,Barcelona,32.15,Clouds,41.3888,2.159,2026-06-24 10:00:05
3872,Miami,26.59,Clouds,25.7743,-80.1937,2026-06-24 10:00:05
3873,Lisbon,22.51,Clouds,38.7167,-9.1333,2026-06-24 11:00:05
3874,Porto,23.6,Clouds,41.1496,-8.611,2026-06-24 11:00:05
3875,London,30.89,Clear,51.5085,-0.1257,2026-06-24 11:00:05
3876,Paris,35.83,Clear,48.8534,2.3488,2026-06-24 11:00:05
3877,Berlin,29.03,Clouds,52.5244,13.4105,2026-06-24 11:00:05
3878,Madrid,30.76,Clouds,40.4165,-3.7026,2026-06-24 11:00:05
3879,Rome,16.45,Clouds,34.257,-85.1647,2026-06-24 11:00:05
3880,New York,18.37,Clouds,40.7143,-74.006,2026-06-24 11:00:05
3881,Barcelona,33.1,Clouds,41.3888,2.159,2026-06-24 11:00:05
3882,Miami,26.37,Clouds,25.7743,-80.1937,2026-06-24 11:00:05
3883,Lisbon,23.48,Clouds,38.7167,-9.1333,2026-06-24 12:00:05
3884,Porto,23.6,Clouds,41.1496,-8.611,2026-06-24 12:00:05
3885,London,32.1,Clear,51.5085,-0.1257,2026-06-24 12:00:05
3886,Paris,39.19,Clear,48.8534,2.3488,2026-06-24 12:00:05
3887,Berlin,30.7,Clouds,52.5244,13.4105,2026-06-24 12:00:05
3888,Madrid,33.02,Clouds,40.4165,-3.7026,2026-06-24 12:00:05
3889,Rome,16.17,Clouds,34.257,-85.1647,2026-06-24 12:00:06
3890,New York,18.68,Clouds,40.7143,-74.006,2026-06-24 12:00:06
3891,Barcelona,33.49,Clouds,41.3888,2.159,2026-06-24 12:00:06
3892,Miami,26.35,Clouds,25.7743,-80.1937,2026-06-24 12:00:06
3893,Lisbon,23.51,Clouds,38.7167,-9.1333,2026-06-24 13:00:05
3894,Porto,23.04,Clouds,41.1496,-8.611,2026-06-24 13:00:05
3895,London,33.47,Clear,51.5085,-0.1257,2026-06-24 13:00:05
3896,Paris,40.12,Clear,48.8534,2.3488,2026-06-24 13:00:05
3897,Berlin,31.75,Clouds,52.5244,13.4105,2026-06-24 13:00:05
3898,Madrid,34.28,Clouds,40.4165,-3.7026,2026-06-24 13:00:05
3899,Rome,17.48,Clouds,34.257,-85.1647,2026-06-24 13:00:06
3900,New York,19.57,Clouds,40.7143,-74.006,2026-06-24 13:00:06
3901,Barcelona,32.83,Clouds,41.3888,2.159,2026-06-24 13:00:06
3902,Miami,27,Clouds,25.7743,-80.1937,2026-06-24 13:00:06
3903,Lisbon,23.92,Clouds,38.7167,-9.1333,2026-06-24 14:00:05
3904,Porto,23.6,Clouds,41.1496,-8.611,2026-06-24 14:00:05
3905,London,33.99,Clear,51.5085,-0.1257,2026-06-24 14:00:05
3906,Paris,41.17,Clear,48.8534,2.3488,2026-06-24 14:00:05
3907,Berlin,32.69,Clouds,52.5244,13.4105,2026-06-24 14:00:05
3908,Madrid,35.04,Clouds,40.4165,-3.7026,2026-06-24 14:00:05
3909,Rome,19.36,Clouds,34.257,-85.1647,2026-06-24 14:00:05
3910,New York,21.69,Clear,40.7143,-74.006,2026-06-24 14:00:05
3911,Barcelona,32.04,Clear,41.3888,2.159,2026-06-24 14:00:06
3912,Miami,29.5,Clouds,25.7743,-80.1937,2026-06-24 14:00:06
3913,Lisbon,24.12,Clouds,38.7167,-9.1333,2026-06-24 15:00:05
3914,Porto,23.6,Clouds,41.1496,-8.611,2026-06-24 15:00:05
3915,London,34.59,Clear,51.5085,-0.1257,2026-06-24 15:00:05
3916,Paris,41.32,Clear,48.8534,2.3488,2026-06-24 15:00:05
3917,Berlin,31.66,Clouds,52.5244,13.4105,2026-06-24 15:00:05
3918,Madrid,36.11,Clouds,40.4165,-3.7026,2026-06-24 15:00:06
3919,Rome,21.43,Clouds,34.257,-85.1647,2026-06-24 15:00:06
3920,New York,23.88,Clear,40.7143,-74.006,2026-06-24 15:00:06
3921,Barcelona,32.68,Clear,41.3888,2.159,2026-06-24 15:00:06
3922,Miami,31.22,Rain,25.7743,-80.1937,2026-06-24 15:00:06
